Cidade,url
Curitiba - PR,https://glue-api.vivareal.com/v2/listings?addressCity=Curitiba&addressLocationId=BR%3EParana%3ENULL%3ECuritiba&addressNeighborhood=&addressState=Paran%C3%A1&addressCountry=Brasil&addressStreet=&addressZone=&addressPointLat=-25.437238&addressPointLon=-49.269973&business=RENTAL&facets=amenities&unitTypes=&unitSubTypes=&unitTypesV3=&usageTypes=&listingType=USED&parentId=null&categoryPage=RESULT&includeFields=search(result(listings(listing(displayAddressType%2Camenities%2CusableAreas%2CconstructionStatus%2ClistingType%2Cdescription%2Ctitle%2CunitTypes%2CnonActivationReason%2CpropertyType%2CunitSubTypes%2Cid%2Cportal%2CparkingSpaces%2Caddress%2Csuites%2CpublicationType%2CexternalId%2Cbathrooms%2CusageTypes%2CtotalAreas%2CadvertiserId%2Cbedrooms%2CpricingInfos%2CshowPrice%2Cstatus%2CadvertiserContact%2CvideoTourLink%2CwhatsappNumber%2Cstamps)%2Caccount(id%2Cname%2ClogoUrl%2ClicenseNumber%2CshowAddress%2ClegacyVivarealId%2Cphones%2Ctier)%2Cmedias%2CaccountLink%2Clink))%2CtotalCount)%2Cpage%2CseasonalCampaigns%2CfullUriFragments%2Cnearby(search(result(listings(listing(displayAddressType%2Camenities%2CusableAreas%2CconstructionStatus%2ClistingType%2Cdescription%2Ctitle%2CunitTypes%2CnonActivationReason%2CpropertyType%2CunitSubTypes%2Cid%2Cportal%2CparkingSpaces%2Caddress%2Csuites%2CpublicationType%2CexternalId%2Cbathrooms%2CusageTypes%2CtotalAreas%2CadvertiserId%2Cbedrooms%2CpricingInfos%2CshowPrice%2Cstatus%2CadvertiserContact%2CvideoTourLink%2CwhatsappNumber%2Cstamps)%2Caccount(id%2Cname%2ClogoUrl%2ClicenseNumber%2CshowAddress%2ClegacyVivarealId%2Cphones%2Ctier)%2Cmedias%2CaccountLink%2Clink))%2CtotalCount))%2Cexpansion(search(result(listings(listing(displayAddressType%2Camenities%2CusableAreas%2CconstructionStatus%2ClistingType%2Cdescription%2Ctitle%2CunitTypes%2CnonActivationReason%2CpropertyType%2CunitSubTypes%2Cid%2Cportal%2CparkingSpaces%2Caddress%2Csuites%2CpublicationType%2CexternalId%2Cbathrooms%2CusageTypes%2CtotalAreas%2CadvertiserId%2Cbedrooms%2CpricingInfos%2CshowPrice%2Cstatus%2CadvertiserContact%2CvideoTourLink%2CwhatsappNumber%2Cstamps)%2Caccount(id%2Cname%2ClogoUrl%2ClicenseNumber%2CshowAddress%2ClegacyVivarealId%2Cphones%2Ctier)%2Cmedias%2CaccountLink%2Clink))%2CtotalCount))%2Caccount(id%2Cname%2ClogoUrl%2ClicenseNumber%2CshowAddress%2ClegacyVivarealId%2Cphones%2Ctier%2Cphones)%2Cowners(search(result(listings(listing(displayAddressType%2Camenities%2CusableAreas%2CconstructionStatus%2ClistingType%2Cdescription%2Ctitle%2CunitTypes%2CnonActivationReason%2CpropertyType%2CunitSubTypes%2Cid%2Cportal%2CparkingSpaces%2Caddress%2Csuites%2CpublicationType%2CexternalId%2Cbathrooms%2CusageTypes%2CtotalAreas%2CadvertiserId%2Cbedrooms%2CpricingInfos%2CshowPrice%2Cstatus%2CadvertiserContact%2CvideoTourLink%2CwhatsappNumber%2Cstamps)%2Caccount(id%2Cname%2ClogoUrl%2ClicenseNumber%2CshowAddress%2ClegacyVivarealId%2Cphones%2Ctier)%2Cmedias%2CaccountLink%2Clink))%2CtotalCount))&size=100&from={}&q=&developmentsSize=5&__vt=B%2Ccontrol&levels=CITY&ref=&pointRadius=&isPOIQuery=
Porto Alegre - RS,https://glue-api.vivareal.com/v2/listings?addressCity=Porto%20Alegre&addressLocationId=BR%3ERio%20Grande%20do%20Sul%3ENULL%3EPorto%20Alegre&addressNeighborhood=&addressState=Rio%20Grande%20do%20Sul&addressCountry=Brasil&addressStreet=&addressZone=&addressPointLat=-30.036818&addressPointLon=-51.208989&business=RENTAL&facets=amenities&unitTypes=&unitSubTypes=&unitTypesV3=&usageTypes=&listingType=USED&parentId=null&categoryPage=RESULT&includeFields=search(result(listings(listing(displayAddressType%2Camenities%2CusableAreas%2CconstructionStatus%2ClistingType%2Cdescription%2Ctitle%2CunitTypes%2CnonActivationReason%2CpropertyType%2CunitSubTypes%2Cid%2Cportal%2CparkingSpaces%2Caddress%2Csuites%2CpublicationType%2CexternalId%2Cbathrooms%2CusageTypes%2CtotalAreas%2CadvertiserId%2Cbedrooms%2CpricingInfos%2CshowPrice%2Cstatus%2CadvertiserContact%2CvideoTourLink%2CwhatsappNumber%2Cstamps)%2Caccount(id%2Cname%2ClogoUrl%2ClicenseNumber%2CshowAddress%2ClegacyVivarealId%2Cphones%2Ctier)%2Cmedias%2CaccountLink%2Clink))%2CtotalCount)%2Cpage%2CseasonalCampaigns%2CfullUriFragments%2Cnearby(search(result(listings(listing(displayAddressType%2Camenities%2CusableAreas%2CconstructionStatus%2ClistingType%2Cdescription%2Ctitle%2CunitTypes%2CnonActivationReason%2CpropertyType%2CunitSubTypes%2Cid%2Cportal%2CparkingSpaces%2Caddress%2Csuites%2CpublicationType%2CexternalId%2Cbathrooms%2CusageTypes%2CtotalAreas%2CadvertiserId%2Cbedrooms%2CpricingInfos%2CshowPrice%2Cstatus%2CadvertiserContact%2CvideoTourLink%2CwhatsappNumber%2Cstamps)%2Caccount(id%2Cname%2ClogoUrl%2ClicenseNumber%2CshowAddress%2ClegacyVivarealId%2Cphones%2Ctier)%2Cmedias%2CaccountLink%2Clink))%2CtotalCount))%2Cexpansion(search(result(listings(listing(displayAddressType%2Camenities%2CusableAreas%2CconstructionStatus%2ClistingType%2Cdescription%2Ctitle%2CunitTypes%2CnonActivationReason%2CpropertyType%2CunitSubTypes%2Cid%2Cportal%2CparkingSpaces%2Caddress%2Csuites%2CpublicationType%2CexternalId%2Cbathrooms%2CusageTypes%2CtotalAreas%2CadvertiserId%2Cbedrooms%2CpricingInfos%2CshowPrice%2Cstatus%2CadvertiserContact%2CvideoTourLink%2CwhatsappNumber%2Cstamps)%2Caccount(id%2Cname%2ClogoUrl%2ClicenseNumber%2CshowAddress%2ClegacyVivarealId%2Cphones%2Ctier)%2Cmedias%2CaccountLink%2Clink))%2CtotalCount))%2Caccount(id%2Cname%2ClogoUrl%2ClicenseNumber%2CshowAddress%2ClegacyVivarealId%2Cphones%2Ctier%2Cphones)%2Cowners(search(result(listings(listing(displayAddressType%2Camenities%2CusableAreas%2CconstructionStatus%2ClistingType%2Cdescription%2Ctitle%2CunitTypes%2CnonActivationReason%2CpropertyType%2CunitSubTypes%2Cid%2Cportal%2CparkingSpaces%2Caddress%2Csuites%2CpublicationType%2CexternalId%2Cbathrooms%2CusageTypes%2CtotalAreas%2CadvertiserId%2Cbedrooms%2CpricingInfos%2CshowPrice%2Cstatus%2CadvertiserContact%2CvideoTourLink%2CwhatsappNumber%2Cstamps)%2Caccount(id%2Cname%2ClogoUrl%2ClicenseNumber%2CshowAddress%2ClegacyVivarealId%2Cphones%2Ctier)%2Cmedias%2CaccountLink%2Clink))%2CtotalCount))&size=100&from={}&q=&developmentsSize=5&__vt=B%2Ccontrol&levels=CITY&ref=&pointRadius=&isPOIQuery=
Florianópolis - SC,https://glue-api.vivareal.com/v2/listings?addressCity=Florian%C3%B3polis&addressLocationId=BR%3ESanta%20Catarina%3ENULL%3EFlorianopolis&addressNeighborhood=&addressState=Santa%20Catarina&addressCountry=Brasil&addressStreet=&addressZone=&addressPointLat=-27.594804&addressPointLon=-48.556929&business=RENTAL&facets=amenities&unitTypes=&unitSubTypes=&unitTypesV3=&usageTypes=&listingType=USED&parentId=null&categoryPage=RESULT&includeFields=search(result(listings(listing(displayAddressType%2Camenities%2CusableAreas%2CconstructionStatus%2ClistingType%2Cdescription%2Ctitle%2CunitTypes%2CnonActivationReason%2CpropertyType%2CunitSubTypes%2Cid%2Cportal%2CparkingSpaces%2Caddress%2Csuites%2CpublicationType%2CexternalId%2Cbathrooms%2CusageTypes%2CtotalAreas%2CadvertiserId%2Cbedrooms%2CpricingInfos%2CshowPrice%2Cstatus%2CadvertiserContact%2CvideoTourLink%2CwhatsappNumber%2Cstamps)%2Caccount(id%2Cname%2ClogoUrl%2ClicenseNumber%2CshowAddress%2ClegacyVivarealId%2Cphones%2Ctier)%2Cmedias%2CaccountLink%2Clink))%2CtotalCount)%2Cpage%2CseasonalCampaigns%2CfullUriFragments%2Cnearby(search(result(listings(listing(displayAddressType%2Camenities%2CusableAreas%2CconstructionStatus%2ClistingType%2Cdescription%2Ctitle%2CunitTypes%2CnonActivationReason%2CpropertyType%2CunitSubTypes%2Cid%2Cportal%2CparkingSpaces%2Caddress%2Csuites%2CpublicationType%2CexternalId%2Cbathrooms%2CusageTypes%2CtotalAreas%2CadvertiserId%2Cbedrooms%2CpricingInfos%2CshowPrice%2Cstatus%2CadvertiserContact%2CvideoTourLink%2CwhatsappNumber%2Cstamps)%2Caccount(id%2Cname%2ClogoUrl%2ClicenseNumber%2CshowAddress%2ClegacyVivarealId%2Cphones%2Ctier)%2Cmedias%2CaccountLink%2Clink))%2CtotalCount))%2Cexpansion(search(result(listings(listing(displayAddressType%2Camenities%2CusableAreas%2CconstructionStatus%2ClistingType%2Cdescription%2Ctitle%2CunitTypes%2CnonActivationReason%2CpropertyType%2CunitSubTypes%2Cid%2Cportal%2CparkingSpaces%2Caddress%2Csuites%2CpublicationType%2CexternalId%2Cbathrooms%2CusageTypes%2CtotalAreas%2CadvertiserId%2Cbedrooms%2CpricingInfos%2CshowPrice%2Cstatus%2CadvertiserContact%2CvideoTourLink%2CwhatsappNumber%2Cstamps)%2Caccount(id%2Cname%2ClogoUrl%2ClicenseNumber%2CshowAddress%2ClegacyVivarealId%2Cphones%2Ctier)%2Cmedias%2CaccountLink%2Clink))%2CtotalCount))%2Caccount(id%2Cname%2ClogoUrl%2ClicenseNumber%2CshowAddress%2ClegacyVivarealId%2Cphones%2Ctier%2Cphones)%2Cowners(search(result(listings(listing(displayAddressType%2Camenities%2CusableAreas%2CconstructionStatus%2ClistingType%2Cdescription%2Ctitle%2CunitTypes%2CnonActivationReason%2CpropertyType%2CunitSubTypes%2Cid%2Cportal%2CparkingSpaces%2Caddress%2Csuites%2CpublicationType%2CexternalId%2Cbathrooms%2CusageTypes%2CtotalAreas%2CadvertiserId%2Cbedrooms%2CpricingInfos%2CshowPrice%2Cstatus%2CadvertiserContact%2CvideoTourLink%2CwhatsappNumber%2Cstamps)%2Caccount(id%2Cname%2ClogoUrl%2ClicenseNumber%2CshowAddress%2ClegacyVivarealId%2Cphones%2Ctier)%2Cmedias%2CaccountLink%2Clink))%2CtotalCount))&size=100&from={}&q=&developmentsSize=5&__vt=B%2Ccontrol&levels=CITY&ref=&pointRadius=&isPOIQuery=
São Paulo - SP,https://glue-api.vivareal.com/v2/listings?addressCity=S%C3%A3o%20Paulo&addressLocationId=BR%3ESao%20Paulo%3ENULL%3ESao%20Paulo&addressNeighborhood=&addressState=S%C3%A3o%20Paulo&addressCountry=Brasil&addressStreet=&addressZone=&addressPointLat=-23.555771&addressPointLon=-46.639557&business=RENTAL&facets=amenities&unitTypes=&unitSubTypes=&unitTypesV3=&usageTypes=&listingType=USED&parentId=null&categoryPage=RESULT&includeFields=search(result(listings(listing(displayAddressType%2Camenities%2CusableAreas%2CconstructionStatus%2ClistingType%2Cdescription%2Ctitle%2CunitTypes%2CnonActivationReason%2CpropertyType%2CunitSubTypes%2Cid%2Cportal%2CparkingSpaces%2Caddress%2Csuites%2CpublicationType%2CexternalId%2Cbathrooms%2CusageTypes%2CtotalAreas%2CadvertiserId%2Cbedrooms%2CpricingInfos%2CshowPrice%2Cstatus%2CadvertiserContact%2CvideoTourLink%2CwhatsappNumber%2Cstamps)%2Caccount(id%2Cname%2ClogoUrl%2ClicenseNumber%2CshowAddress%2ClegacyVivarealId%2Cphones%2Ctier)%2Cmedias%2CaccountLink%2Clink))%2CtotalCount)%2Cpage%2CseasonalCampaigns%2CfullUriFragments%2Cnearby(search(result(listings(listing(displayAddressType%2Camenities%2CusableAreas%2CconstructionStatus%2ClistingType%2Cdescription%2Ctitle%2CunitTypes%2CnonActivationReason%2CpropertyType%2CunitSubTypes%2Cid%2Cportal%2CparkingSpaces%2Caddress%2Csuites%2CpublicationType%2CexternalId%2Cbathrooms%2CusageTypes%2CtotalAreas%2CadvertiserId%2Cbedrooms%2CpricingInfos%2CshowPrice%2Cstatus%2CadvertiserContact%2CvideoTourLink%2CwhatsappNumber%2Cstamps)%2Caccount(id%2Cname%2ClogoUrl%2ClicenseNumber%2CshowAddress%2ClegacyVivarealId%2Cphones%2Ctier)%2Cmedias%2CaccountLink%2Clink))%2CtotalCount))%2Cexpansion(search(result(listings(listing(displayAddressType%2Camenities%2CusableAreas%2CconstructionStatus%2ClistingType%2Cdescription%2Ctitle%2CunitTypes%2CnonActivationReason%2CpropertyType%2CunitSubTypes%2Cid%2Cportal%2CparkingSpaces%2Caddress%2Csuites%2CpublicationType%2CexternalId%2Cbathrooms%2CusageTypes%2CtotalAreas%2CadvertiserId%2Cbedrooms%2CpricingInfos%2CshowPrice%2Cstatus%2CadvertiserContact%2CvideoTourLink%2CwhatsappNumber%2Cstamps)%2Caccount(id%2Cname%2ClogoUrl%2ClicenseNumber%2CshowAddress%2ClegacyVivarealId%2Cphones%2Ctier)%2Cmedias%2CaccountLink%2Clink))%2CtotalCount))%2Caccount(id%2Cname%2ClogoUrl%2ClicenseNumber%2CshowAddress%2ClegacyVivarealId%2Cphones%2Ctier%2Cphones)%2Cowners(search(result(listings(listing(displayAddressType%2Camenities%2CusableAreas%2CconstructionStatus%2ClistingType%2Cdescription%2Ctitle%2CunitTypes%2CnonActivationReason%2CpropertyType%2CunitSubTypes%2Cid%2Cportal%2CparkingSpaces%2Caddress%2Csuites%2CpublicationType%2CexternalId%2Cbathrooms%2CusageTypes%2CtotalAreas%2CadvertiserId%2Cbedrooms%2CpricingInfos%2CshowPrice%2Cstatus%2CadvertiserContact%2CvideoTourLink%2CwhatsappNumber%2Cstamps)%2Caccount(id%2Cname%2ClogoUrl%2ClicenseNumber%2CshowAddress%2ClegacyVivarealId%2Cphones%2Ctier)%2Cmedias%2CaccountLink%2Clink))%2CtotalCount))&size=100&from={}&q=&developmentsSize=5&__vt=B%2Ccontrol&levels=CITY&ref=&pointRadius=&isPOIQuery=
Rio de Janeiro - RJ,https://glue-api.vivareal.com/v2/listings?addressCity=Rio%20de%20Janeiro&addressLocationId=BR%3ERio%20de%20Janeiro%3ENULL%3ERio%20de%20Janeiro&addressNeighborhood=&addressState=Rio%20de%20Janeiro&addressCountry=Brasil&addressStreet=&addressZone=&addressPointLat=-22.906847&addressPointLon=-43.172897&business=RENTAL&facets=amenities&unitTypes=&unitSubTypes=&unitTypesV3=&usageTypes=&listingType=USED&parentId=null&categoryPage=RESULT&includeFields=search(result(listings(listing(displayAddressType%2Camenities%2CusableAreas%2CconstructionStatus%2ClistingType%2Cdescription%2Ctitle%2CunitTypes%2CnonActivationReason%2CpropertyType%2CunitSubTypes%2Cid%2Cportal%2CparkingSpaces%2Caddress%2Csuites%2CpublicationType%2CexternalId%2Cbathrooms%2CusageTypes%2CtotalAreas%2CadvertiserId%2Cbedrooms%2CpricingInfos%2CshowPrice%2Cstatus%2CadvertiserContact%2CvideoTourLink%2CwhatsappNumber%2Cstamps)%2Caccount(id%2Cname%2ClogoUrl%2ClicenseNumber%2CshowAddress%2ClegacyVivarealId%2Cphones%2Ctier)%2Cmedias%2CaccountLink%2Clink))%2CtotalCount)%2Cpage%2CseasonalCampaigns%2CfullUriFragments%2Cnearby(search(result(listings(listing(displayAddressType%2Camenities%2CusableAreas%2CconstructionStatus%2ClistingType%2Cdescription%2Ctitle%2CunitTypes%2CnonActivationReason%2CpropertyType%2CunitSubTypes%2Cid%2Cportal%2CparkingSpaces%2Caddress%2Csuites%2CpublicationType%2CexternalId%2Cbathrooms%2CusageTypes%2CtotalAreas%2CadvertiserId%2Cbedrooms%2CpricingInfos%2CshowPrice%2Cstatus%2CadvertiserContact%2CvideoTourLink%2CwhatsappNumber%2Cstamps)%2Caccount(id%2Cname%2ClogoUrl%2ClicenseNumber%2CshowAddress%2ClegacyVivarealId%2Cphones%2Ctier)%2Cmedias%2CaccountLink%2Clink))%2CtotalCount))%2Cexpansion(search(result(listings(listing(displayAddressType%2Camenities%2CusableAreas%2CconstructionStatus%2ClistingType%2Cdescription%2Ctitle%2CunitTypes%2CnonActivationReason%2CpropertyType%2CunitSubTypes%2Cid%2Cportal%2CparkingSpaces%2Caddress%2Csuites%2CpublicationType%2CexternalId%2Cbathrooms%2CusageTypes%2CtotalAreas%2CadvertiserId%2Cbedrooms%2CpricingInfos%2CshowPrice%2Cstatus%2CadvertiserContact%2CvideoTourLink%2CwhatsappNumber%2Cstamps)%2Caccount(id%2Cname%2ClogoUrl%2ClicenseNumber%2CshowAddress%2ClegacyVivarealId%2Cphones%2Ctier)%2Cmedias%2CaccountLink%2Clink))%2CtotalCount))%2Caccount(id%2Cname%2ClogoUrl%2ClicenseNumber%2CshowAddress%2ClegacyVivarealId%2Cphones%2Ctier%2Cphones)%2Cowners(search(result(listings(listing(displayAddressType%2Camenities%2CusableAreas%2CconstructionStatus%2ClistingType%2Cdescription%2Ctitle%2CunitTypes%2CnonActivationReason%2CpropertyType%2CunitSubTypes%2Cid%2Cportal%2CparkingSpaces%2Caddress%2Csuites%2CpublicationType%2CexternalId%2Cbathrooms%2CusageTypes%2CtotalAreas%2CadvertiserId%2Cbedrooms%2CpricingInfos%2CshowPrice%2Cstatus%2CadvertiserContact%2CvideoTourLink%2CwhatsappNumber%2Cstamps)%2Caccount(id%2Cname%2ClogoUrl%2ClicenseNumber%2CshowAddress%2ClegacyVivarealId%2Cphones%2Ctier)%2Cmedias%2CaccountLink%2Clink))%2CtotalCount))&size=100&from={}&q=&developmentsSize=5&__vt=B%2Ccontrol&levels=CITY&ref=&pointRadius=&isPOIQuery=
Cuiabá - MS,https://glue-api.vivareal.com/v2/listings?addressCity=Cuiab%C3%A1&addressLocationId=BR%3EMato%20Grosso%3ENULL%3ECuiaba&addressNeighborhood=&addressState=Mato%20Grosso&addressCountry=Brasil&addressStreet=&addressZone=&addressPointLat=-15.595414&addressPointLon=-56.092582&business=RENTAL&facets=amenities&unitTypes=&unitSubTypes=&unitTypesV3=&usageTypes=&listingType=USED&parentId=null&categoryPage=RESULT&includeFields=search(result(listings(listing(displayAddressType%2Camenities%2CusableAreas%2CconstructionStatus%2ClistingType%2Cdescription%2Ctitle%2CunitTypes%2CnonActivationReason%2CpropertyType%2CunitSubTypes%2Cid%2Cportal%2CparkingSpaces%2Caddress%2Csuites%2CpublicationType%2CexternalId%2Cbathrooms%2CusageTypes%2CtotalAreas%2CadvertiserId%2Cbedrooms%2CpricingInfos%2CshowPrice%2Cstatus%2CadvertiserContact%2CvideoTourLink%2CwhatsappNumber%2Cstamps)%2Caccount(id%2Cname%2ClogoUrl%2ClicenseNumber%2CshowAddress%2ClegacyVivarealId%2Cphones%2Ctier)%2Cmedias%2CaccountLink%2Clink))%2CtotalCount)%2Cpage%2CseasonalCampaigns%2CfullUriFragments%2Cnearby(search(result(listings(listing(displayAddressType%2Camenities%2CusableAreas%2CconstructionStatus%2ClistingType%2Cdescription%2Ctitle%2CunitTypes%2CnonActivationReason%2CpropertyType%2CunitSubTypes%2Cid%2Cportal%2CparkingSpaces%2Caddress%2Csuites%2CpublicationType%2CexternalId%2Cbathrooms%2CusageTypes%2CtotalAreas%2CadvertiserId%2Cbedrooms%2CpricingInfos%2CshowPrice%2Cstatus%2CadvertiserContact%2CvideoTourLink%2CwhatsappNumber%2Cstamps)%2Caccount(id%2Cname%2ClogoUrl%2ClicenseNumber%2CshowAddress%2ClegacyVivarealId%2Cphones%2Ctier)%2Cmedias%2CaccountLink%2Clink))%2CtotalCount))%2Cexpansion(search(result(listings(listing(displayAddressType%2Camenities%2CusableAreas%2CconstructionStatus%2ClistingType%2Cdescription%2Ctitle%2CunitTypes%2CnonActivationReason%2CpropertyType%2CunitSubTypes%2Cid%2Cportal%2CparkingSpaces%2Caddress%2Csuites%2CpublicationType%2CexternalId%2Cbathrooms%2CusageTypes%2CtotalAreas%2CadvertiserId%2Cbedrooms%2CpricingInfos%2CshowPrice%2Cstatus%2CadvertiserContact%2CvideoTourLink%2CwhatsappNumber%2Cstamps)%2Caccount(id%2Cname%2ClogoUrl%2ClicenseNumber%2CshowAddress%2ClegacyVivarealId%2Cphones%2Ctier)%2Cmedias%2CaccountLink%2Clink))%2CtotalCount))%2Caccount(id%2Cname%2ClogoUrl%2ClicenseNumber%2CshowAddress%2ClegacyVivarealId%2Cphones%2Ctier%2Cphones)%2Cowners(search(result(listings(listing(displayAddressType%2Camenities%2CusableAreas%2CconstructionStatus%2ClistingType%2Cdescription%2Ctitle%2CunitTypes%2CnonActivationReason%2CpropertyType%2CunitSubTypes%2Cid%2Cportal%2CparkingSpaces%2Caddress%2Csuites%2CpublicationType%2CexternalId%2Cbathrooms%2CusageTypes%2CtotalAreas%2CadvertiserId%2Cbedrooms%2CpricingInfos%2CshowPrice%2Cstatus%2CadvertiserContact%2CvideoTourLink%2CwhatsappNumber%2Cstamps)%2Caccount(id%2Cname%2ClogoUrl%2ClicenseNumber%2CshowAddress%2ClegacyVivarealId%2Cphones%2Ctier)%2Cmedias%2CaccountLink%2Clink))%2CtotalCount))&size=100&from={}&q=&developmentsSize=5&__vt=B%2Ccontrol&levels=CITY&ref=&pointRadius=&isPOIQuery=
Vitória - ES,https://glue-api.vivareal.com/v2/listings?addressCity=Vit%C3%B3ria&addressLocationId=BR%3EEspirito%20Santo%3ENULL%3EVitoria&addressNeighborhood=&addressState=Esp%C3%ADrito%20Santo&addressCountry=Brasil&addressStreet=&addressZone=&addressPointLat=-20.319664&addressPointLon=-40.338475&business=RENTAL&facets=amenities&unitTypes=&unitSubTypes=&unitTypesV3=&usageTypes=&listingType=USED&parentId=null&categoryPage=RESULT&includeFields=search(result(listings(listing(displayAddressType%2Camenities%2CusableAreas%2CconstructionStatus%2ClistingType%2Cdescription%2Ctitle%2CunitTypes%2CnonActivationReason%2CpropertyType%2CunitSubTypes%2Cid%2Cportal%2CparkingSpaces%2Caddress%2Csuites%2CpublicationType%2CexternalId%2Cbathrooms%2CusageTypes%2CtotalAreas%2CadvertiserId%2Cbedrooms%2CpricingInfos%2CshowPrice%2Cstatus%2CadvertiserContact%2CvideoTourLink%2CwhatsappNumber%2Cstamps)%2Caccount(id%2Cname%2ClogoUrl%2ClicenseNumber%2CshowAddress%2ClegacyVivarealId%2Cphones%2Ctier)%2Cmedias%2CaccountLink%2Clink))%2CtotalCount)%2Cpage%2CseasonalCampaigns%2CfullUriFragments%2Cnearby(search(result(listings(listing(displayAddressType%2Camenities%2CusableAreas%2CconstructionStatus%2ClistingType%2Cdescription%2Ctitle%2CunitTypes%2CnonActivationReason%2CpropertyType%2CunitSubTypes%2Cid%2Cportal%2CparkingSpaces%2Caddress%2Csuites%2CpublicationType%2CexternalId%2Cbathrooms%2CusageTypes%2CtotalAreas%2CadvertiserId%2Cbedrooms%2CpricingInfos%2CshowPrice%2Cstatus%2CadvertiserContact%2CvideoTourLink%2CwhatsappNumber%2Cstamps)%2Caccount(id%2Cname%2ClogoUrl%2ClicenseNumber%2CshowAddress%2ClegacyVivarealId%2Cphones%2Ctier)%2Cmedias%2CaccountLink%2Clink))%2CtotalCount))%2Cexpansion(search(result(listings(listing(displayAddressType%2Camenities%2CusableAreas%2CconstructionStatus%2ClistingType%2Cdescription%2Ctitle%2CunitTypes%2CnonActivationReason%2CpropertyType%2CunitSubTypes%2Cid%2Cportal%2CparkingSpaces%2Caddress%2Csuites%2CpublicationType%2CexternalId%2Cbathrooms%2CusageTypes%2CtotalAreas%2CadvertiserId%2Cbedrooms%2CpricingInfos%2CshowPrice%2Cstatus%2CadvertiserContact%2CvideoTourLink%2CwhatsappNumber%2Cstamps)%2Caccount(id%2Cname%2ClogoUrl%2ClicenseNumber%2CshowAddress%2ClegacyVivarealId%2Cphones%2Ctier)%2Cmedias%2CaccountLink%2Clink))%2CtotalCount))%2Caccount(id%2Cname%2ClogoUrl%2ClicenseNumber%2CshowAddress%2ClegacyVivarealId%2Cphones%2Ctier%2Cphones)%2Cowners(search(result(listings(listing(displayAddressType%2Camenities%2CusableAreas%2CconstructionStatus%2ClistingType%2Cdescription%2Ctitle%2CunitTypes%2CnonActivationReason%2CpropertyType%2CunitSubTypes%2Cid%2Cportal%2CparkingSpaces%2Caddress%2Csuites%2CpublicationType%2CexternalId%2Cbathrooms%2CusageTypes%2CtotalAreas%2CadvertiserId%2Cbedrooms%2CpricingInfos%2CshowPrice%2Cstatus%2CadvertiserContact%2CvideoTourLink%2CwhatsappNumber%2Cstamps)%2Caccount(id%2Cname%2ClogoUrl%2ClicenseNumber%2CshowAddress%2ClegacyVivarealId%2Cphones%2Ctier)%2Cmedias%2CaccountLink%2Clink))%2CtotalCount))&size=100&from={}&q=&developmentsSize=5&__vt=B%2Ccontrol&levels=CITY&ref=&pointRadius=&isPOIQuery=
Goiânia - GO,https://glue-api.vivareal.com/v2/listings?addressCity=Goi%C3%A2nia&addressLocationId=BR%3EGoias%3ENULL%3EGoiania&addressNeighborhood=&addressState=Goi%C3%A1s&addressCountry=Brasil&addressStreet=&addressZone=&addressPointLat=-16.686891&addressPointLon=-49.264794&business=RENTAL&facets=amenities&unitTypes=&unitSubTypes=&unitTypesV3=&usageTypes=&listingType=USED&parentId=null&categoryPage=RESULT&includeFields=search(result(listings(listing(displayAddressType%2Camenities%2CusableAreas%2CconstructionStatus%2ClistingType%2Cdescription%2Ctitle%2CunitTypes%2CnonActivationReason%2CpropertyType%2CunitSubTypes%2Cid%2Cportal%2CparkingSpaces%2Caddress%2Csuites%2CpublicationType%2CexternalId%2Cbathrooms%2CusageTypes%2CtotalAreas%2CadvertiserId%2Cbedrooms%2CpricingInfos%2CshowPrice%2Cstatus%2CadvertiserContact%2CvideoTourLink%2CwhatsappNumber%2Cstamps)%2Caccount(id%2Cname%2ClogoUrl%2ClicenseNumber%2CshowAddress%2ClegacyVivarealId%2Cphones%2Ctier)%2Cmedias%2CaccountLink%2Clink))%2CtotalCount)%2Cpage%2CseasonalCampaigns%2CfullUriFragments%2Cnearby(search(result(listings(listing(displayAddressType%2Camenities%2CusableAreas%2CconstructionStatus%2ClistingType%2Cdescription%2Ctitle%2CunitTypes%2CnonActivationReason%2CpropertyType%2CunitSubTypes%2Cid%2Cportal%2CparkingSpaces%2Caddress%2Csuites%2CpublicationType%2CexternalId%2Cbathrooms%2CusageTypes%2CtotalAreas%2CadvertiserId%2Cbedrooms%2CpricingInfos%2CshowPrice%2Cstatus%2CadvertiserContact%2CvideoTourLink%2CwhatsappNumber%2Cstamps)%2Caccount(id%2Cname%2ClogoUrl%2ClicenseNumber%2CshowAddress%2ClegacyVivarealId%2Cphones%2Ctier)%2Cmedias%2CaccountLink%2Clink))%2CtotalCount))%2Cexpansion(search(result(listings(listing(displayAddressType%2Camenities%2CusableAreas%2CconstructionStatus%2ClistingType%2Cdescription%2Ctitle%2CunitTypes%2CnonActivationReason%2CpropertyType%2CunitSubTypes%2Cid%2Cportal%2CparkingSpaces%2Caddress%2Csuites%2CpublicationType%2CexternalId%2Cbathrooms%2CusageTypes%2CtotalAreas%2CadvertiserId%2Cbedrooms%2CpricingInfos%2CshowPrice%2Cstatus%2CadvertiserContact%2CvideoTourLink%2CwhatsappNumber%2Cstamps)%2Caccount(id%2Cname%2ClogoUrl%2ClicenseNumber%2CshowAddress%2ClegacyVivarealId%2Cphones%2Ctier)%2Cmedias%2CaccountLink%2Clink))%2CtotalCount))%2Caccount(id%2Cname%2ClogoUrl%2ClicenseNumber%2CshowAddress%2ClegacyVivarealId%2Cphones%2Ctier%2Cphones)%2Cowners(search(result(listings(listing(displayAddressType%2Camenities%2CusableAreas%2CconstructionStatus%2ClistingType%2Cdescription%2Ctitle%2CunitTypes%2CnonActivationReason%2CpropertyType%2CunitSubTypes%2Cid%2Cportal%2CparkingSpaces%2Caddress%2Csuites%2CpublicationType%2CexternalId%2Cbathrooms%2CusageTypes%2CtotalAreas%2CadvertiserId%2Cbedrooms%2CpricingInfos%2CshowPrice%2Cstatus%2CadvertiserContact%2CvideoTourLink%2CwhatsappNumber%2Cstamps)%2Caccount(id%2Cname%2ClogoUrl%2ClicenseNumber%2CshowAddress%2ClegacyVivarealId%2Cphones%2Ctier)%2Cmedias%2CaccountLink%2Clink))%2CtotalCount))&size=100&from={}&q=&developmentsSize=5&__vt=B%2Ccontrol&levels=CITY&ref=&pointRadius=&isPOIQuery=
Belo Horizonte - BH,https://glue-api.vivareal.com/v2/listings?addressCity=Belo%20Horizonte&addressLocationId=BR%3EMinas%20Gerais%3ENULL%3EBelo%20Horizonte&addressNeighborhood=&addressState=Minas%20Gerais&addressCountry=Brasil&addressStreet=&addressZone=&addressPointLat=-19.919052&addressPointLon=-43.938669&business=RENTAL&facets=amenities&unitTypes=&unitSubTypes=&unitTypesV3=&usageTypes=&listingType=USED&parentId=null&categoryPage=RESULT&includeFields=search(result(listings(listing(displayAddressType%2Camenities%2CusableAreas%2CconstructionStatus%2ClistingType%2Cdescription%2Ctitle%2CunitTypes%2CnonActivationReason%2CpropertyType%2CunitSubTypes%2Cid%2Cportal%2CparkingSpaces%2Caddress%2Csuites%2CpublicationType%2CexternalId%2Cbathrooms%2CusageTypes%2CtotalAreas%2CadvertiserId%2Cbedrooms%2CpricingInfos%2CshowPrice%2Cstatus%2CadvertiserContact%2CvideoTourLink%2CwhatsappNumber%2Cstamps)%2Caccount(id%2Cname%2ClogoUrl%2ClicenseNumber%2CshowAddress%2ClegacyVivarealId%2Cphones%2Ctier)%2Cmedias%2CaccountLink%2Clink))%2CtotalCount)%2Cpage%2CseasonalCampaigns%2CfullUriFragments%2Cnearby(search(result(listings(listing(displayAddressType%2Camenities%2CusableAreas%2CconstructionStatus%2ClistingType%2Cdescription%2Ctitle%2CunitTypes%2CnonActivationReason%2CpropertyType%2CunitSubTypes%2Cid%2Cportal%2CparkingSpaces%2Caddress%2Csuites%2CpublicationType%2CexternalId%2Cbathrooms%2CusageTypes%2CtotalAreas%2CadvertiserId%2Cbedrooms%2CpricingInfos%2CshowPrice%2Cstatus%2CadvertiserContact%2CvideoTourLink%2CwhatsappNumber%2Cstamps)%2Caccount(id%2Cname%2ClogoUrl%2ClicenseNumber%2CshowAddress%2ClegacyVivarealId%2Cphones%2Ctier)%2Cmedias%2CaccountLink%2Clink))%2CtotalCount))%2Cexpansion(search(result(listings(listing(displayAddressType%2Camenities%2CusableAreas%2CconstructionStatus%2ClistingType%2Cdescription%2Ctitle%2CunitTypes%2CnonActivationReason%2CpropertyType%2CunitSubTypes%2Cid%2Cportal%2CparkingSpaces%2Caddress%2Csuites%2CpublicationType%2CexternalId%2Cbathrooms%2CusageTypes%2CtotalAreas%2CadvertiserId%2Cbedrooms%2CpricingInfos%2CshowPrice%2Cstatus%2CadvertiserContact%2CvideoTourLink%2CwhatsappNumber%2Cstamps)%2Caccount(id%2Cname%2ClogoUrl%2ClicenseNumber%2CshowAddress%2ClegacyVivarealId%2Cphones%2Ctier)%2Cmedias%2CaccountLink%2Clink))%2CtotalCount))%2Caccount(id%2Cname%2ClogoUrl%2ClicenseNumber%2CshowAddress%2ClegacyVivarealId%2Cphones%2Ctier%2Cphones)%2Cowners(search(result(listings(listing(displayAddressType%2Camenities%2CusableAreas%2CconstructionStatus%2ClistingType%2Cdescription%2Ctitle%2CunitTypes%2CnonActivationReason%2CpropertyType%2CunitSubTypes%2Cid%2Cportal%2CparkingSpaces%2Caddress%2Csuites%2CpublicationType%2CexternalId%2Cbathrooms%2CusageTypes%2CtotalAreas%2CadvertiserId%2Cbedrooms%2CpricingInfos%2CshowPrice%2Cstatus%2CadvertiserContact%2CvideoTourLink%2CwhatsappNumber%2Cstamps)%2Caccount(id%2Cname%2ClogoUrl%2ClicenseNumber%2CshowAddress%2ClegacyVivarealId%2Cphones%2Ctier)%2Cmedias%2CaccountLink%2Clink))%2CtotalCount))&size=100&from={}&q=&developmentsSize=5&__vt=B%2Ccontrol&levels=CITY&ref=&pointRadius=&isPOIQuery=
Campo Grande - MT,https://glue-api.vivareal.com/v2/listings?addressCity=Campo%20Grande&addressLocationId=BR%3EMato%20Grosso%20do%20Sul%3ENULL%3ECampo%20Grande&addressNeighborhood=&addressState=Mato%20Grosso%20do%20Sul&addressCountry=Brasil&addressStreet=&addressZone=&addressPointLat=-20.464852&addressPointLon=-54.621848&business=RENTAL&facets=amenities&unitTypes=&unitSubTypes=&unitTypesV3=&usageTypes=&listingType=USED&parentId=null&categoryPage=RESULT&includeFields=search(result(listings(listing(displayAddressType%2Camenities%2CusableAreas%2CconstructionStatus%2ClistingType%2Cdescription%2Ctitle%2CunitTypes%2CnonActivationReason%2CpropertyType%2CunitSubTypes%2Cid%2Cportal%2CparkingSpaces%2Caddress%2Csuites%2CpublicationType%2CexternalId%2Cbathrooms%2CusageTypes%2CtotalAreas%2CadvertiserId%2Cbedrooms%2CpricingInfos%2CshowPrice%2Cstatus%2CadvertiserContact%2CvideoTourLink%2CwhatsappNumber%2Cstamps)%2Caccount(id%2Cname%2ClogoUrl%2ClicenseNumber%2CshowAddress%2ClegacyVivarealId%2Cphones%2Ctier)%2Cmedias%2CaccountLink%2Clink))%2CtotalCount)%2Cpage%2CseasonalCampaigns%2CfullUriFragments%2Cnearby(search(result(listings(listing(displayAddressType%2Camenities%2CusableAreas%2CconstructionStatus%2ClistingType%2Cdescription%2Ctitle%2CunitTypes%2CnonActivationReason%2CpropertyType%2CunitSubTypes%2Cid%2Cportal%2CparkingSpaces%2Caddress%2Csuites%2CpublicationType%2CexternalId%2Cbathrooms%2CusageTypes%2CtotalAreas%2CadvertiserId%2Cbedrooms%2CpricingInfos%2CshowPrice%2Cstatus%2CadvertiserContact%2CvideoTourLink%2CwhatsappNumber%2Cstamps)%2Caccount(id%2Cname%2ClogoUrl%2ClicenseNumber%2CshowAddress%2ClegacyVivarealId%2Cphones%2Ctier)%2Cmedias%2CaccountLink%2Clink))%2CtotalCount))%2Cexpansion(search(result(listings(listing(displayAddressType%2Camenities%2CusableAreas%2CconstructionStatus%2ClistingType%2Cdescription%2Ctitle%2CunitTypes%2CnonActivationReason%2CpropertyType%2CunitSubTypes%2Cid%2Cportal%2CparkingSpaces%2Caddress%2Csuites%2CpublicationType%2CexternalId%2Cbathrooms%2CusageTypes%2CtotalAreas%2CadvertiserId%2Cbedrooms%2CpricingInfos%2CshowPrice%2Cstatus%2CadvertiserContact%2CvideoTourLink%2CwhatsappNumber%2Cstamps)%2Caccount(id%2Cname%2ClogoUrl%2ClicenseNumber%2CshowAddress%2ClegacyVivarealId%2Cphones%2Ctier)%2Cmedias%2CaccountLink%2Clink))%2CtotalCount))%2Caccount(id%2Cname%2ClogoUrl%2ClicenseNumber%2CshowAddress%2ClegacyVivarealId%2Cphones%2Ctier%2Cphones)%2Cowners(search(result(listings(listing(displayAddressType%2Camenities%2CusableAreas%2CconstructionStatus%2ClistingType%2Cdescription%2Ctitle%2CunitTypes%2CnonActivationReason%2CpropertyType%2CunitSubTypes%2Cid%2Cportal%2CparkingSpaces%2Caddress%2Csuites%2CpublicationType%2CexternalId%2Cbathrooms%2CusageTypes%2CtotalAreas%2CadvertiserId%2Cbedrooms%2CpricingInfos%2CshowPrice%2Cstatus%2CadvertiserContact%2CvideoTourLink%2CwhatsappNumber%2Cstamps)%2Caccount(id%2Cname%2ClogoUrl%2ClicenseNumber%2CshowAddress%2ClegacyVivarealId%2Cphones%2Ctier)%2Cmedias%2CaccountLink%2Clink))%2CtotalCount))&size=100&from={}&q=&developmentsSize=5&__vt=B%2Ccontrol&levels=CITY&ref=&pointRadius=&isPOIQuery=
Salvador - BA,https://glue-api.vivareal.com/v2/listings?addressCity=Salvador&addressLocationId=BR%3EBahia%3ENULL%3ESalvador&addressNeighborhood=&addressState=Bahia&addressCountry=Brasil&addressStreet=&addressZone=&addressPointLat=-12.977733&addressPointLon=-38.501648&business=RENTAL&facets=amenities&unitTypes=&unitSubTypes=&unitTypesV3=&usageTypes=&listingType=USED&parentId=null&categoryPage=RESULT&includeFields=search(result(listings(listing(displayAddressType%2Camenities%2CusableAreas%2CconstructionStatus%2ClistingType%2Cdescription%2Ctitle%2CunitTypes%2CnonActivationReason%2CpropertyType%2CunitSubTypes%2Cid%2Cportal%2CparkingSpaces%2Caddress%2Csuites%2CpublicationType%2CexternalId%2Cbathrooms%2CusageTypes%2CtotalAreas%2CadvertiserId%2Cbedrooms%2CpricingInfos%2CshowPrice%2Cstatus%2CadvertiserContact%2CvideoTourLink%2CwhatsappNumber%2Cstamps)%2Caccount(id%2Cname%2ClogoUrl%2ClicenseNumber%2CshowAddress%2ClegacyVivarealId%2Cphones%2Ctier)%2Cmedias%2CaccountLink%2Clink))%2CtotalCount)%2Cpage%2CseasonalCampaigns%2CfullUriFragments%2Cnearby(search(result(listings(listing(displayAddressType%2Camenities%2CusableAreas%2CconstructionStatus%2ClistingType%2Cdescription%2Ctitle%2CunitTypes%2CnonActivationReason%2CpropertyType%2CunitSubTypes%2Cid%2Cportal%2CparkingSpaces%2Caddress%2Csuites%2CpublicationType%2CexternalId%2Cbathrooms%2CusageTypes%2CtotalAreas%2CadvertiserId%2Cbedrooms%2CpricingInfos%2CshowPrice%2Cstatus%2CadvertiserContact%2CvideoTourLink%2CwhatsappNumber%2Cstamps)%2Caccount(id%2Cname%2ClogoUrl%2ClicenseNumber%2CshowAddress%2ClegacyVivarealId%2Cphones%2Ctier)%2Cmedias%2CaccountLink%2Clink))%2CtotalCount))%2Cexpansion(search(result(listings(listing(displayAddressType%2Camenities%2CusableAreas%2CconstructionStatus%2ClistingType%2Cdescription%2Ctitle%2CunitTypes%2CnonActivationReason%2CpropertyType%2CunitSubTypes%2Cid%2Cportal%2CparkingSpaces%2Caddress%2Csuites%2CpublicationType%2CexternalId%2Cbathrooms%2CusageTypes%2CtotalAreas%2CadvertiserId%2Cbedrooms%2CpricingInfos%2CshowPrice%2Cstatus%2CadvertiserContact%2CvideoTourLink%2CwhatsappNumber%2Cstamps)%2Caccount(id%2Cname%2ClogoUrl%2ClicenseNumber%2CshowAddress%2ClegacyVivarealId%2Cphones%2Ctier)%2Cmedias%2CaccountLink%2Clink))%2CtotalCount))%2Caccount(id%2Cname%2ClogoUrl%2ClicenseNumber%2CshowAddress%2ClegacyVivarealId%2Cphones%2Ctier%2Cphones)%2Cowners(search(result(listings(listing(displayAddressType%2Camenities%2CusableAreas%2CconstructionStatus%2ClistingType%2Cdescription%2Ctitle%2CunitTypes%2CnonActivationReason%2CpropertyType%2CunitSubTypes%2Cid%2Cportal%2CparkingSpaces%2Caddress%2Csuites%2CpublicationType%2CexternalId%2Cbathrooms%2CusageTypes%2CtotalAreas%2CadvertiserId%2Cbedrooms%2CpricingInfos%2CshowPrice%2Cstatus%2CadvertiserContact%2CvideoTourLink%2CwhatsappNumber%2Cstamps)%2Caccount(id%2Cname%2ClogoUrl%2ClicenseNumber%2CshowAddress%2ClegacyVivarealId%2Cphones%2Ctier)%2Cmedias%2CaccountLink%2Clink))%2CtotalCount))&size=100&from={}&q=&developmentsSize=5&__vt=B%2Ccontrol&levels=CITY&ref=&pointRadius=&isPOIQuery=
Recife - PE,https://glue-api.vivareal.com/v2/listings?addressCity=Recife&addressLocationId=BR%3EPernambuco%3ENULL%3ERecife&addressNeighborhood=&addressState=Pernambuco&addressCountry=Brasil&addressStreet=&addressZone=&addressPointLat=-8.05774&addressPointLon=-34.882963&business=RENTAL&facets=amenities&unitTypes=&unitSubTypes=&unitTypesV3=&usageTypes=&listingType=USED&parentId=null&categoryPage=RESULT&includeFields=search(result(listings(listing(displayAddressType%2Camenities%2CusableAreas%2CconstructionStatus%2ClistingType%2Cdescription%2Ctitle%2CunitTypes%2CnonActivationReason%2CpropertyType%2CunitSubTypes%2Cid%2Cportal%2CparkingSpaces%2Caddress%2Csuites%2CpublicationType%2CexternalId%2Cbathrooms%2CusageTypes%2CtotalAreas%2CadvertiserId%2Cbedrooms%2CpricingInfos%2CshowPrice%2Cstatus%2CadvertiserContact%2CvideoTourLink%2CwhatsappNumber%2Cstamps)%2Caccount(id%2Cname%2ClogoUrl%2ClicenseNumber%2CshowAddress%2ClegacyVivarealId%2Cphones%2Ctier)%2Cmedias%2CaccountLink%2Clink))%2CtotalCount)%2Cpage%2CseasonalCampaigns%2CfullUriFragments%2Cnearby(search(result(listings(listing(displayAddressType%2Camenities%2CusableAreas%2CconstructionStatus%2ClistingType%2Cdescription%2Ctitle%2CunitTypes%2CnonActivationReason%2CpropertyType%2CunitSubTypes%2Cid%2Cportal%2CparkingSpaces%2Caddress%2Csuites%2CpublicationType%2CexternalId%2Cbathrooms%2CusageTypes%2CtotalAreas%2CadvertiserId%2Cbedrooms%2CpricingInfos%2CshowPrice%2Cstatus%2CadvertiserContact%2CvideoTourLink%2CwhatsappNumber%2Cstamps)%2Caccount(id%2Cname%2ClogoUrl%2ClicenseNumber%2CshowAddress%2ClegacyVivarealId%2Cphones%2Ctier)%2Cmedias%2CaccountLink%2Clink))%2CtotalCount))%2Cexpansion(search(result(listings(listing(displayAddressType%2Camenities%2CusableAreas%2CconstructionStatus%2ClistingType%2Cdescription%2Ctitle%2CunitTypes%2CnonActivationReason%2CpropertyType%2CunitSubTypes%2Cid%2Cportal%2CparkingSpaces%2Caddress%2Csuites%2CpublicationType%2CexternalId%2Cbathrooms%2CusageTypes%2CtotalAreas%2CadvertiserId%2Cbedrooms%2CpricingInfos%2CshowPrice%2Cstatus%2CadvertiserContact%2CvideoTourLink%2CwhatsappNumber%2Cstamps)%2Caccount(id%2Cname%2ClogoUrl%2ClicenseNumber%2CshowAddress%2ClegacyVivarealId%2Cphones%2Ctier)%2Cmedias%2CaccountLink%2Clink))%2CtotalCount))%2Caccount(id%2Cname%2ClogoUrl%2ClicenseNumber%2CshowAddress%2ClegacyVivarealId%2Cphones%2Ctier%2Cphones)%2Cowners(search(result(listings(listing(displayAddressType%2Camenities%2CusableAreas%2CconstructionStatus%2ClistingType%2Cdescription%2Ctitle%2CunitTypes%2CnonActivationReason%2CpropertyType%2CunitSubTypes%2Cid%2Cportal%2CparkingSpaces%2Caddress%2Csuites%2CpublicationType%2CexternalId%2Cbathrooms%2CusageTypes%2CtotalAreas%2CadvertiserId%2Cbedrooms%2CpricingInfos%2CshowPrice%2Cstatus%2CadvertiserContact%2CvideoTourLink%2CwhatsappNumber%2Cstamps)%2Caccount(id%2Cname%2ClogoUrl%2ClicenseNumber%2CshowAddress%2ClegacyVivarealId%2Cphones%2Ctier)%2Cmedias%2CaccountLink%2Clink))%2CtotalCount))&size=100&from={}&q=&developmentsSize=5&__vt=B%2Ccontrol&levels=CITY&ref=&pointRadius=&isPOIQuery=
Fortaleza - CE,https://glue-api.vivareal.com/v2/listings?addressCity=Fortaleza&addressLocationId=BR%3ECeara%3ENULL%3EFortaleza&addressNeighborhood=&addressState=Cear%C3%A1&addressCountry=Brasil&addressStreet=&addressZone=&addressPointLat=-3.73272&addressPointLon=-38.527013&business=RENTAL&facets=amenities&unitTypes=&unitSubTypes=&unitTypesV3=&usageTypes=&listingType=USED&parentId=null&categoryPage=RESULT&includeFields=search(result(listings(listing(displayAddressType%2Camenities%2CusableAreas%2CconstructionStatus%2ClistingType%2Cdescription%2Ctitle%2CunitTypes%2CnonActivationReason%2CpropertyType%2CunitSubTypes%2Cid%2Cportal%2CparkingSpaces%2Caddress%2Csuites%2CpublicationType%2CexternalId%2Cbathrooms%2CusageTypes%2CtotalAreas%2CadvertiserId%2Cbedrooms%2CpricingInfos%2CshowPrice%2Cstatus%2CadvertiserContact%2CvideoTourLink%2CwhatsappNumber%2Cstamps)%2Caccount(id%2Cname%2ClogoUrl%2ClicenseNumber%2CshowAddress%2ClegacyVivarealId%2Cphones%2Ctier)%2Cmedias%2CaccountLink%2Clink))%2CtotalCount)%2Cpage%2CseasonalCampaigns%2CfullUriFragments%2Cnearby(search(result(listings(listing(displayAddressType%2Camenities%2CusableAreas%2CconstructionStatus%2ClistingType%2Cdescription%2Ctitle%2CunitTypes%2CnonActivationReason%2CpropertyType%2CunitSubTypes%2Cid%2Cportal%2CparkingSpaces%2Caddress%2Csuites%2CpublicationType%2CexternalId%2Cbathrooms%2CusageTypes%2CtotalAreas%2CadvertiserId%2Cbedrooms%2CpricingInfos%2CshowPrice%2Cstatus%2CadvertiserContact%2CvideoTourLink%2CwhatsappNumber%2Cstamps)%2Caccount(id%2Cname%2ClogoUrl%2ClicenseNumber%2CshowAddress%2ClegacyVivarealId%2Cphones%2Ctier)%2Cmedias%2CaccountLink%2Clink))%2CtotalCount))%2Cexpansion(search(result(listings(listing(displayAddressType%2Camenities%2CusableAreas%2CconstructionStatus%2ClistingType%2Cdescription%2Ctitle%2CunitTypes%2CnonActivationReason%2CpropertyType%2CunitSubTypes%2Cid%2Cportal%2CparkingSpaces%2Caddress%2Csuites%2CpublicationType%2CexternalId%2Cbathrooms%2CusageTypes%2CtotalAreas%2CadvertiserId%2Cbedrooms%2CpricingInfos%2CshowPrice%2Cstatus%2CadvertiserContact%2CvideoTourLink%2CwhatsappNumber%2Cstamps)%2Caccount(id%2Cname%2ClogoUrl%2ClicenseNumber%2CshowAddress%2ClegacyVivarealId%2Cphones%2Ctier)%2Cmedias%2CaccountLink%2Clink))%2CtotalCount))%2Caccount(id%2Cname%2ClogoUrl%2ClicenseNumber%2CshowAddress%2ClegacyVivarealId%2Cphones%2Ctier%2Cphones)%2Cowners(search(result(listings(listing(displayAddressType%2Camenities%2CusableAreas%2CconstructionStatus%2ClistingType%2Cdescription%2Ctitle%2CunitTypes%2CnonActivationReason%2CpropertyType%2CunitSubTypes%2Cid%2Cportal%2CparkingSpaces%2Caddress%2Csuites%2CpublicationType%2CexternalId%2Cbathrooms%2CusageTypes%2CtotalAreas%2CadvertiserId%2Cbedrooms%2CpricingInfos%2CshowPrice%2Cstatus%2CadvertiserContact%2CvideoTourLink%2CwhatsappNumber%2Cstamps)%2Caccount(id%2Cname%2ClogoUrl%2ClicenseNumber%2CshowAddress%2ClegacyVivarealId%2Cphones%2Ctier)%2Cmedias%2CaccountLink%2Clink))%2CtotalCount))&size=100&from={}&q=&developmentsSize=5&__vt=B%2Ccontrol&levels=CITY&ref=&pointRadius=&isPOIQuery=
Belém - PA,https://glue-api.vivareal.com/v2/listings?addressCity=Bel%C3%A9m&addressLocationId=BR%3EPara%3ENULL%3EBelem&addressNeighborhood=&addressState=Par%C3%A1&addressCountry=Brasil&addressStreet=&addressZone=&addressPointLat=-1.456343&addressPointLon=-48.501299&business=RENTAL&facets=amenities&unitTypes=&unitSubTypes=&unitTypesV3=&usageTypes=&listingType=USED&parentId=null&categoryPage=RESULT&includeFields=search(result(listings(listing(displayAddressType%2Camenities%2CusableAreas%2CconstructionStatus%2ClistingType%2Cdescription%2Ctitle%2CunitTypes%2CnonActivationReason%2CpropertyType%2CunitSubTypes%2Cid%2Cportal%2CparkingSpaces%2Caddress%2Csuites%2CpublicationType%2CexternalId%2Cbathrooms%2CusageTypes%2CtotalAreas%2CadvertiserId%2Cbedrooms%2CpricingInfos%2CshowPrice%2Cstatus%2CadvertiserContact%2CvideoTourLink%2CwhatsappNumber%2Cstamps)%2Caccount(id%2Cname%2ClogoUrl%2ClicenseNumber%2CshowAddress%2ClegacyVivarealId%2Cphones%2Ctier)%2Cmedias%2CaccountLink%2Clink))%2CtotalCount)%2Cpage%2CseasonalCampaigns%2CfullUriFragments%2Cnearby(search(result(listings(listing(displayAddressType%2Camenities%2CusableAreas%2CconstructionStatus%2ClistingType%2Cdescription%2Ctitle%2CunitTypes%2CnonActivationReason%2CpropertyType%2CunitSubTypes%2Cid%2Cportal%2CparkingSpaces%2Caddress%2Csuites%2CpublicationType%2CexternalId%2Cbathrooms%2CusageTypes%2CtotalAreas%2CadvertiserId%2Cbedrooms%2CpricingInfos%2CshowPrice%2Cstatus%2CadvertiserContact%2CvideoTourLink%2CwhatsappNumber%2Cstamps)%2Caccount(id%2Cname%2ClogoUrl%2ClicenseNumber%2CshowAddress%2ClegacyVivarealId%2Cphones%2Ctier)%2Cmedias%2CaccountLink%2Clink))%2CtotalCount))%2Cexpansion(search(result(listings(listing(displayAddressType%2Camenities%2CusableAreas%2CconstructionStatus%2ClistingType%2Cdescription%2Ctitle%2CunitTypes%2CnonActivationReason%2CpropertyType%2CunitSubTypes%2Cid%2Cportal%2CparkingSpaces%2Caddress%2Csuites%2CpublicationType%2CexternalId%2Cbathrooms%2CusageTypes%2CtotalAreas%2CadvertiserId%2Cbedrooms%2CpricingInfos%2CshowPrice%2Cstatus%2CadvertiserContact%2CvideoTourLink%2CwhatsappNumber%2Cstamps)%2Caccount(id%2Cname%2ClogoUrl%2ClicenseNumber%2CshowAddress%2ClegacyVivarealId%2Cphones%2Ctier)%2Cmedias%2CaccountLink%2Clink))%2CtotalCount))%2Caccount(id%2Cname%2ClogoUrl%2ClicenseNumber%2CshowAddress%2ClegacyVivarealId%2Cphones%2Ctier%2Cphones)%2Cowners(search(result(listings(listing(displayAddressType%2Camenities%2CusableAreas%2CconstructionStatus%2ClistingType%2Cdescription%2Ctitle%2CunitTypes%2CnonActivationReason%2CpropertyType%2CunitSubTypes%2Cid%2Cportal%2CparkingSpaces%2Caddress%2Csuites%2CpublicationType%2CexternalId%2Cbathrooms%2CusageTypes%2CtotalAreas%2CadvertiserId%2Cbedrooms%2CpricingInfos%2CshowPrice%2Cstatus%2CadvertiserContact%2CvideoTourLink%2CwhatsappNumber%2Cstamps)%2Caccount(id%2Cname%2ClogoUrl%2ClicenseNumber%2CshowAddress%2ClegacyVivarealId%2Cphones%2Ctier)%2Cmedias%2CaccountLink%2Clink))%2CtotalCount))&size=100&from={}&q=&developmentsSize=5&__vt=B%2Ccontrol&levels=CITY&ref=&pointRadius=&isPOIQuery=
Rio Branco - AC,https://glue-api.vivareal.com/v2/listings?addressCity=Rio%20Branco&addressLocationId=BR%3EAcre%3ENULL%3ERio%20Branco&addressNeighborhood&addressState=Acre&addressCountry&addressStreet&addressZone&addressPointLat=-9.974025&addressPointLon=-67.809819&business=RENTAL&facets=amenities&unitTypes&unitSubTypes&unitTypesV3&usageTypes&listingType=USED&parentId=null&categoryPage=RESULT&stamps&includeFields=search(result(listings(listing(displayAddressType%2Camenities%2CusableAreas%2CconstructionStatus%2ClistingType%2Cdescription%2Ctitle%2CunitTypes%2CnonActivationReason%2CpropertyType%2CunitSubTypes%2Cid%2Cportal%2CparkingSpaces%2Caddress%2Csuites%2CpublicationType%2CexternalId%2Cbathrooms%2CusageTypes%2CtotalAreas%2CadvertiserId%2Cbedrooms%2CpricingInfos%2CshowPrice%2Cstatus%2CadvertiserContact%2CvideoTourLink%2CwhatsappNumber%2Cstamps)%2Caccount(id%2Cname%2ClogoUrl%2ClicenseNumber%2CshowAddress%2ClegacyVivarealId%2Cphones%2Ctier)%2Cmedias%2CaccountLink%2Clink))%2CtotalCount)%2Cpage%2CseasonalCampaigns%2CfullUriFragments%2Cnearby(search(result(listings(listing(displayAddressType%2Camenities%2CusableAreas%2CconstructionStatus%2ClistingType%2Cdescription%2Ctitle%2CunitTypes%2CnonActivationReason%2CpropertyType%2CunitSubTypes%2Cid%2Cportal%2CparkingSpaces%2Caddress%2Csuites%2CpublicationType%2CexternalId%2Cbathrooms%2CusageTypes%2CtotalAreas%2CadvertiserId%2Cbedrooms%2CpricingInfos%2CshowPrice%2Cstatus%2CadvertiserContact%2CvideoTourLink%2CwhatsappNumber%2Cstamps)%2Caccount(id%2Cname%2ClogoUrl%2ClicenseNumber%2CshowAddress%2ClegacyVivarealId%2Cphones%2Ctier)%2Cmedias%2CaccountLink%2Clink))%2CtotalCount))%2Cexpansion(search(result(listings(listing(displayAddressType%2Camenities%2CusableAreas%2CconstructionStatus%2ClistingType%2Cdescription%2Ctitle%2CunitTypes%2CnonActivationReason%2CpropertyType%2CunitSubTypes%2Cid%2Cportal%2CparkingSpaces%2Caddress%2Csuites%2CpublicationType%2CexternalId%2Cbathrooms%2CusageTypes%2CtotalAreas%2CadvertiserId%2Cbedrooms%2CpricingInfos%2CshowPrice%2Cstatus%2CadvertiserContact%2CvideoTourLink%2CwhatsappNumber%2Cstamps)%2Caccount(id%2Cname%2ClogoUrl%2ClicenseNumber%2CshowAddress%2ClegacyVivarealId%2Cphones%2Ctier)%2Cmedias%2CaccountLink%2Clink))%2CtotalCount))%2Caccount(id%2Cname%2ClogoUrl%2ClicenseNumber%2CshowAddress%2ClegacyVivarealId%2Cphones%2Ctier%2Cphones)%2Cdevelopments(search(result(listings(listing(displayAddressType%2Camenities%2CusableAreas%2CconstructionStatus%2ClistingType%2Cdescription%2Ctitle%2CunitTypes%2CnonActivationReason%2CpropertyType%2CunitSubTypes%2Cid%2Cportal%2CparkingSpaces%2Caddress%2Csuites%2CpublicationType%2CexternalId%2Cbathrooms%2CusageTypes%2CtotalAreas%2CadvertiserId%2Cbedrooms%2CpricingInfos%2CshowPrice%2Cstatus%2CadvertiserContact%2CvideoTourLink%2CwhatsappNumber%2Cstamps)%2Caccount(id%2Cname%2ClogoUrl%2ClicenseNumber%2CshowAddress%2ClegacyVivarealId%2Cphones%2Ctier)%2Cmedias%2CaccountLink%2Clink))%2CtotalCount))%2Cowners(search(result(listings(listing(displayAddressType%2Camenities%2CusableAreas%2CconstructionStatus%2ClistingType%2Cdescription%2Ctitle%2CunitTypes%2CnonActivationReason%2CpropertyType%2CunitSubTypes%2Cid%2Cportal%2CparkingSpaces%2Caddress%2Csuites%2CpublicationType%2CexternalId%2Cbathrooms%2CusageTypes%2CtotalAreas%2CadvertiserId%2Cbedrooms%2CpricingInfos%2CshowPrice%2Cstatus%2CadvertiserContact%2CvideoTourLink%2CwhatsappNumber%2Cstamps)%2Caccount(id%2Cname%2ClogoUrl%2ClicenseNumber%2CshowAddress%2ClegacyVivarealId%2Cphones%2Ctier)%2Cmedias%2CaccountLink%2Clink))%2CtotalCount))&size=100&from={}&q&developmentsSize=5&__vt=B%2Ccontrol&levels=CITY&ref&pointRadius&isPOIQuery
Manaus - AM,https://glue-api.vivareal.com/v2/listings?addressCity=Manaus&addressLocationId=BR%3EAmazonas%3ENULL%3EManaus&addressNeighborhood=&addressState=Amazonas&addressCountry=Brasil&addressStreet=&addressZone=&addressPointLat=-3.119028&addressPointLon=-60.021731&business=RENTAL&facets=amenities&unitTypes=&unitSubTypes=&unitTypesV3=&usageTypes=&listingType=USED&parentId=null&categoryPage=RESULT&includeFields=search(result(listings(listing(displayAddressType%2Camenities%2CusableAreas%2CconstructionStatus%2ClistingType%2Cdescription%2Ctitle%2CunitTypes%2CnonActivationReason%2CpropertyType%2CunitSubTypes%2Cid%2Cportal%2CparkingSpaces%2Caddress%2Csuites%2CpublicationType%2CexternalId%2Cbathrooms%2CusageTypes%2CtotalAreas%2CadvertiserId%2Cbedrooms%2CpricingInfos%2CshowPrice%2Cstatus%2CadvertiserContact%2CvideoTourLink%2CwhatsappNumber%2Cstamps)%2Caccount(id%2Cname%2ClogoUrl%2ClicenseNumber%2CshowAddress%2ClegacyVivarealId%2Cphones%2Ctier)%2Cmedias%2CaccountLink%2Clink))%2CtotalCount)%2Cpage%2CseasonalCampaigns%2CfullUriFragments%2Cnearby(search(result(listings(listing(displayAddressType%2Camenities%2CusableAreas%2CconstructionStatus%2ClistingType%2Cdescription%2Ctitle%2CunitTypes%2CnonActivationReason%2CpropertyType%2CunitSubTypes%2Cid%2Cportal%2CparkingSpaces%2Caddress%2Csuites%2CpublicationType%2CexternalId%2Cbathrooms%2CusageTypes%2CtotalAreas%2CadvertiserId%2Cbedrooms%2CpricingInfos%2CshowPrice%2Cstatus%2CadvertiserContact%2CvideoTourLink%2CwhatsappNumber%2Cstamps)%2Caccount(id%2Cname%2ClogoUrl%2ClicenseNumber%2CshowAddress%2ClegacyVivarealId%2Cphones%2Ctier)%2Cmedias%2CaccountLink%2Clink))%2CtotalCount))%2Cexpansion(search(result(listings(listing(displayAddressType%2Camenities%2CusableAreas%2CconstructionStatus%2ClistingType%2Cdescription%2Ctitle%2CunitTypes%2CnonActivationReason%2CpropertyType%2CunitSubTypes%2Cid%2Cportal%2CparkingSpaces%2Caddress%2Csuites%2CpublicationType%2CexternalId%2Cbathrooms%2CusageTypes%2CtotalAreas%2CadvertiserId%2Cbedrooms%2CpricingInfos%2CshowPrice%2Cstatus%2CadvertiserContact%2CvideoTourLink%2CwhatsappNumber%2Cstamps)%2Caccount(id%2Cname%2ClogoUrl%2ClicenseNumber%2CshowAddress%2ClegacyVivarealId%2Cphones%2Ctier)%2Cmedias%2CaccountLink%2Clink))%2CtotalCount))%2Caccount(id%2Cname%2ClogoUrl%2ClicenseNumber%2CshowAddress%2ClegacyVivarealId%2Cphones%2Ctier%2Cphones)%2Cowners(search(result(listings(listing(displayAddressType%2Camenities%2CusableAreas%2CconstructionStatus%2ClistingType%2Cdescription%2Ctitle%2CunitTypes%2CnonActivationReason%2CpropertyType%2CunitSubTypes%2Cid%2Cportal%2CparkingSpaces%2Caddress%2Csuites%2CpublicationType%2CexternalId%2Cbathrooms%2CusageTypes%2CtotalAreas%2CadvertiserId%2Cbedrooms%2CpricingInfos%2CshowPrice%2Cstatus%2CadvertiserContact%2CvideoTourLink%2CwhatsappNumber%2Cstamps)%2Caccount(id%2Cname%2ClogoUrl%2ClicenseNumber%2CshowAddress%2ClegacyVivarealId%2Cphones%2Ctier)%2Cmedias%2CaccountLink%2Clink))%2CtotalCount))&size=100&from={}&q=&developmentsSize=5&__vt=B%2Ccontrol&levels=CITY&ref=&pointRadius=&isPOIQuery=
São Luís - MA,https://glue-api.vivareal.com/v2/listings?addressCity=S%C3%A3o%20Lu%C3%ADs&addressLocationId=BR%3EMaranhao%3ENULL%3ESao%20Luis&addressNeighborhood&addressState=Maranh%C3%A3o&addressCountry=Brasil&addressStreet&addressZone&addressPointLat=-2.530672&addressPointLon=-44.298895&business=RENTAL&facets=amenities&unitTypes&unitSubTypes&unitTypesV3&usageTypes&listingType=USED&parentId=null&categoryPage=RESULT&includeFields=search(result(listings(listing(displayAddressType%2Camenities%2CusableAreas%2CconstructionStatus%2ClistingType%2Cdescription%2Ctitle%2CunitTypes%2CnonActivationReason%2CpropertyType%2CunitSubTypes%2Cid%2Cportal%2CparkingSpaces%2Caddress%2Csuites%2CpublicationType%2CexternalId%2Cbathrooms%2CusageTypes%2CtotalAreas%2CadvertiserId%2Cbedrooms%2CpricingInfos%2CshowPrice%2Cstatus%2CadvertiserContact%2CvideoTourLink%2CwhatsappNumber%2Cstamps)%2Caccount(id%2Cname%2ClogoUrl%2ClicenseNumber%2CshowAddress%2ClegacyVivarealId%2Cphones%2Ctier)%2Cmedias%2CaccountLink%2Clink))%2CtotalCount)%2Cpage%2CseasonalCampaigns%2CfullUriFragments%2Cnearby(search(result(listings(listing(displayAddressType%2Camenities%2CusableAreas%2CconstructionStatus%2ClistingType%2Cdescription%2Ctitle%2CunitTypes%2CnonActivationReason%2CpropertyType%2CunitSubTypes%2Cid%2Cportal%2CparkingSpaces%2Caddress%2Csuites%2CpublicationType%2CexternalId%2Cbathrooms%2CusageTypes%2CtotalAreas%2CadvertiserId%2Cbedrooms%2CpricingInfos%2CshowPrice%2Cstatus%2CadvertiserContact%2CvideoTourLink%2CwhatsappNumber%2Cstamps)%2Caccount(id%2Cname%2ClogoUrl%2ClicenseNumber%2CshowAddress%2ClegacyVivarealId%2Cphones%2Ctier)%2Cmedias%2CaccountLink%2Clink))%2CtotalCount))%2Cexpansion(search(result(listings(listing(displayAddressType%2Camenities%2CusableAreas%2CconstructionStatus%2ClistingType%2Cdescription%2Ctitle%2CunitTypes%2CnonActivationReason%2CpropertyType%2CunitSubTypes%2Cid%2Cportal%2CparkingSpaces%2Caddress%2Csuites%2CpublicationType%2CexternalId%2Cbathrooms%2CusageTypes%2CtotalAreas%2CadvertiserId%2Cbedrooms%2CpricingInfos%2CshowPrice%2Cstatus%2CadvertiserContact%2CvideoTourLink%2CwhatsappNumber%2Cstamps)%2Caccount(id%2Cname%2ClogoUrl%2ClicenseNumber%2CshowAddress%2ClegacyVivarealId%2Cphones%2Ctier)%2Cmedias%2CaccountLink%2Clink))%2CtotalCount))%2Caccount(id%2Cname%2ClogoUrl%2ClicenseNumber%2CshowAddress%2ClegacyVivarealId%2Cphones%2Ctier%2Cphones)%2Cdevelopments(search(result(listings(listing(displayAddressType%2Camenities%2CusableAreas%2CconstructionStatus%2ClistingType%2Cdescription%2Ctitle%2CunitTypes%2CnonActivationReason%2CpropertyType%2CunitSubTypes%2Cid%2Cportal%2CparkingSpaces%2Caddress%2Csuites%2CpublicationType%2CexternalId%2Cbathrooms%2CusageTypes%2CtotalAreas%2CadvertiserId%2Cbedrooms%2CpricingInfos%2CshowPrice%2Cstatus%2CadvertiserContact%2CvideoTourLink%2CwhatsappNumber%2Cstamps)%2Caccount(id%2Cname%2ClogoUrl%2ClicenseNumber%2CshowAddress%2ClegacyVivarealId%2Cphones%2Ctier)%2Cmedias%2CaccountLink%2Clink))%2CtotalCount))%2Cowners(search(result(listings(listing(displayAddressType%2Camenities%2CusableAreas%2CconstructionStatus%2ClistingType%2Cdescription%2Ctitle%2CunitTypes%2CnonActivationReason%2CpropertyType%2CunitSubTypes%2Cid%2Cportal%2CparkingSpaces%2Caddress%2Csuites%2CpublicationType%2CexternalId%2Cbathrooms%2CusageTypes%2CtotalAreas%2CadvertiserId%2Cbedrooms%2CpricingInfos%2CshowPrice%2Cstatus%2CadvertiserContact%2CvideoTourLink%2CwhatsappNumber%2Cstamps)%2Caccount(id%2Cname%2ClogoUrl%2ClicenseNumber%2CshowAddress%2ClegacyVivarealId%2Cphones%2Ctier)%2Cmedias%2CaccountLink%2Clink))%2CtotalCount))&size=100&from={}&q&developmentsSize=5&__vt=B%2Ccontrol&levels=CITY&ref&pointRadius&isPOIQuery
Macapá - AP,https://glue-api.vivareal.com/v2/listings?addressCity=Macap%C3%A1&addressLocationId=BR%3EAmapa%3ENULL%3EMacapa&addressNeighborhood=&addressState=Amap%C3%A1&addressCountry=Brasil&addressStreet=&addressZone=&addressPointLat=0.040522&addressPointLon=-51.056096&business=RENTAL&facets=amenities&unitTypes=&unitSubTypes=&unitTypesV3=&usageTypes=&listingType=USED&parentId=null&categoryPage=RESULT&includeFields=search(result(listings(listing(displayAddressType%2Camenities%2CusableAreas%2CconstructionStatus%2ClistingType%2Cdescription%2Ctitle%2CunitTypes%2CnonActivationReason%2CpropertyType%2CunitSubTypes%2Cid%2Cportal%2CparkingSpaces%2Caddress%2Csuites%2CpublicationType%2CexternalId%2Cbathrooms%2CusageTypes%2CtotalAreas%2CadvertiserId%2Cbedrooms%2CpricingInfos%2CshowPrice%2Cstatus%2CadvertiserContact%2CvideoTourLink%2CwhatsappNumber%2Cstamps)%2Caccount(id%2Cname%2ClogoUrl%2ClicenseNumber%2CshowAddress%2ClegacyVivarealId%2Cphones%2Ctier)%2Cmedias%2CaccountLink%2Clink))%2CtotalCount)%2Cpage%2CseasonalCampaigns%2CfullUriFragments%2Cnearby(search(result(listings(listing(displayAddressType%2Camenities%2CusableAreas%2CconstructionStatus%2ClistingType%2Cdescription%2Ctitle%2CunitTypes%2CnonActivationReason%2CpropertyType%2CunitSubTypes%2Cid%2Cportal%2CparkingSpaces%2Caddress%2Csuites%2CpublicationType%2CexternalId%2Cbathrooms%2CusageTypes%2CtotalAreas%2CadvertiserId%2Cbedrooms%2CpricingInfos%2CshowPrice%2Cstatus%2CadvertiserContact%2CvideoTourLink%2CwhatsappNumber%2Cstamps)%2Caccount(id%2Cname%2ClogoUrl%2ClicenseNumber%2CshowAddress%2ClegacyVivarealId%2Cphones%2Ctier)%2Cmedias%2CaccountLink%2Clink))%2CtotalCount))%2Cexpansion(search(result(listings(listing(displayAddressType%2Camenities%2CusableAreas%2CconstructionStatus%2ClistingType%2Cdescription%2Ctitle%2CunitTypes%2CnonActivationReason%2CpropertyType%2CunitSubTypes%2Cid%2Cportal%2CparkingSpaces%2Caddress%2Csuites%2CpublicationType%2CexternalId%2Cbathrooms%2CusageTypes%2CtotalAreas%2CadvertiserId%2Cbedrooms%2CpricingInfos%2CshowPrice%2Cstatus%2CadvertiserContact%2CvideoTourLink%2CwhatsappNumber%2Cstamps)%2Caccount(id%2Cname%2ClogoUrl%2ClicenseNumber%2CshowAddress%2ClegacyVivarealId%2Cphones%2Ctier)%2Cmedias%2CaccountLink%2Clink))%2CtotalCount))%2Caccount(id%2Cname%2ClogoUrl%2ClicenseNumber%2CshowAddress%2ClegacyVivarealId%2Cphones%2Ctier%2Cphones)%2Cowners(search(result(listings(listing(displayAddressType%2Camenities%2CusableAreas%2CconstructionStatus%2ClistingType%2Cdescription%2Ctitle%2CunitTypes%2CnonActivationReason%2CpropertyType%2CunitSubTypes%2Cid%2Cportal%2CparkingSpaces%2Caddress%2Csuites%2CpublicationType%2CexternalId%2Cbathrooms%2CusageTypes%2CtotalAreas%2CadvertiserId%2Cbedrooms%2CpricingInfos%2CshowPrice%2Cstatus%2CadvertiserContact%2CvideoTourLink%2CwhatsappNumber%2Cstamps)%2Caccount(id%2Cname%2ClogoUrl%2ClicenseNumber%2CshowAddress%2ClegacyVivarealId%2Cphones%2Ctier)%2Cmedias%2CaccountLink%2Clink))%2CtotalCount))&size=100&from={}&q=&developmentsSize=5&__vt=B%2Ccontrol&levels=CITY&ref=&pointRadius=&isPOIQuery=
Maceió - AL,https://glue-api.vivareal.com/v2/listings?addressCity=Macei%C3%B3&addressLocationId=BR%3EAlagoas%3ENULL%3EMaceio&addressNeighborhood=&addressState=Alagoas&addressCountry=Brasil&addressStreet=&addressZone=&addressPointLat=-9.666042&addressPointLon=-35.735217&business=RENTAL&facets=amenities&unitTypes=&unitSubTypes=&unitTypesV3=&usageTypes=&listingType=USED&parentId=null&categoryPage=RESULT&includeFields=search(result(listings(listing(displayAddressType%2Camenities%2CusableAreas%2CconstructionStatus%2ClistingType%2Cdescription%2Ctitle%2CunitTypes%2CnonActivationReason%2CpropertyType%2CunitSubTypes%2Cid%2Cportal%2CparkingSpaces%2Caddress%2Csuites%2CpublicationType%2CexternalId%2Cbathrooms%2CusageTypes%2CtotalAreas%2CadvertiserId%2Cbedrooms%2CpricingInfos%2CshowPrice%2Cstatus%2CadvertiserContact%2CvideoTourLink%2CwhatsappNumber%2Cstamps)%2Caccount(id%2Cname%2ClogoUrl%2ClicenseNumber%2CshowAddress%2ClegacyVivarealId%2Cphones%2Ctier)%2Cmedias%2CaccountLink%2Clink))%2CtotalCount)%2Cpage%2CseasonalCampaigns%2CfullUriFragments%2Cnearby(search(result(listings(listing(displayAddressType%2Camenities%2CusableAreas%2CconstructionStatus%2ClistingType%2Cdescription%2Ctitle%2CunitTypes%2CnonActivationReason%2CpropertyType%2CunitSubTypes%2Cid%2Cportal%2CparkingSpaces%2Caddress%2Csuites%2CpublicationType%2CexternalId%2Cbathrooms%2CusageTypes%2CtotalAreas%2CadvertiserId%2Cbedrooms%2CpricingInfos%2CshowPrice%2Cstatus%2CadvertiserContact%2CvideoTourLink%2CwhatsappNumber%2Cstamps)%2Caccount(id%2Cname%2ClogoUrl%2ClicenseNumber%2CshowAddress%2ClegacyVivarealId%2Cphones%2Ctier)%2Cmedias%2CaccountLink%2Clink))%2CtotalCount))%2Cexpansion(search(result(listings(listing(displayAddressType%2Camenities%2CusableAreas%2CconstructionStatus%2ClistingType%2Cdescription%2Ctitle%2CunitTypes%2CnonActivationReason%2CpropertyType%2CunitSubTypes%2Cid%2Cportal%2CparkingSpaces%2Caddress%2Csuites%2CpublicationType%2CexternalId%2Cbathrooms%2CusageTypes%2CtotalAreas%2CadvertiserId%2Cbedrooms%2CpricingInfos%2CshowPrice%2Cstatus%2CadvertiserContact%2CvideoTourLink%2CwhatsappNumber%2Cstamps)%2Caccount(id%2Cname%2ClogoUrl%2ClicenseNumber%2CshowAddress%2ClegacyVivarealId%2Cphones%2Ctier)%2Cmedias%2CaccountLink%2Clink))%2CtotalCount))%2Caccount(id%2Cname%2ClogoUrl%2ClicenseNumber%2CshowAddress%2ClegacyVivarealId%2Cphones%2Ctier%2Cphones)%2Cowners(search(result(listings(listing(displayAddressType%2Camenities%2CusableAreas%2CconstructionStatus%2ClistingType%2Cdescription%2Ctitle%2CunitTypes%2CnonActivationReason%2CpropertyType%2CunitSubTypes%2Cid%2Cportal%2CparkingSpaces%2Caddress%2Csuites%2CpublicationType%2CexternalId%2Cbathrooms%2CusageTypes%2CtotalAreas%2CadvertiserId%2Cbedrooms%2CpricingInfos%2CshowPrice%2Cstatus%2CadvertiserContact%2CvideoTourLink%2CwhatsappNumber%2Cstamps)%2Caccount(id%2Cname%2ClogoUrl%2ClicenseNumber%2CshowAddress%2ClegacyVivarealId%2Cphones%2Ctier)%2Cmedias%2CaccountLink%2Clink))%2CtotalCount))&size=100&from={}&q=&developmentsSize=5&__vt=B%2Ccontrol&levels=CITY&ref=&pointRadius=&isPOIQuery=
João Pessoa - PB,https://glue-api.vivareal.com/v2/listings?addressCity=Jo%C3%A3o%20Pessoa&addressLocationId=BR%3EParaiba%3ENULL%3EJoao%20Pessoa&addressNeighborhood=&addressState=Para%C3%ADba&addressCountry=Brasil&addressStreet=&addressZone=&addressPointLat=-7.118835&addressPointLon=-34.881434&business=RENTAL&facets=amenities&unitTypes=&unitSubTypes=&unitTypesV3=&usageTypes=&listingType=USED&parentId=null&categoryPage=RESULT&includeFields=search(result(listings(listing(displayAddressType%2Camenities%2CusableAreas%2CconstructionStatus%2ClistingType%2Cdescription%2Ctitle%2CunitTypes%2CnonActivationReason%2CpropertyType%2CunitSubTypes%2Cid%2Cportal%2CparkingSpaces%2Caddress%2Csuites%2CpublicationType%2CexternalId%2Cbathrooms%2CusageTypes%2CtotalAreas%2CadvertiserId%2Cbedrooms%2CpricingInfos%2CshowPrice%2Cstatus%2CadvertiserContact%2CvideoTourLink%2CwhatsappNumber%2Cstamps)%2Caccount(id%2Cname%2ClogoUrl%2ClicenseNumber%2CshowAddress%2ClegacyVivarealId%2Cphones%2Ctier)%2Cmedias%2CaccountLink%2Clink))%2CtotalCount)%2Cpage%2CseasonalCampaigns%2CfullUriFragments%2Cnearby(search(result(listings(listing(displayAddressType%2Camenities%2CusableAreas%2CconstructionStatus%2ClistingType%2Cdescription%2Ctitle%2CunitTypes%2CnonActivationReason%2CpropertyType%2CunitSubTypes%2Cid%2Cportal%2CparkingSpaces%2Caddress%2Csuites%2CpublicationType%2CexternalId%2Cbathrooms%2CusageTypes%2CtotalAreas%2CadvertiserId%2Cbedrooms%2CpricingInfos%2CshowPrice%2Cstatus%2CadvertiserContact%2CvideoTourLink%2CwhatsappNumber%2Cstamps)%2Caccount(id%2Cname%2ClogoUrl%2ClicenseNumber%2CshowAddress%2ClegacyVivarealId%2Cphones%2Ctier)%2Cmedias%2CaccountLink%2Clink))%2CtotalCount))%2Cexpansion(search(result(listings(listing(displayAddressType%2Camenities%2CusableAreas%2CconstructionStatus%2ClistingType%2Cdescription%2Ctitle%2CunitTypes%2CnonActivationReason%2CpropertyType%2CunitSubTypes%2Cid%2Cportal%2CparkingSpaces%2Caddress%2Csuites%2CpublicationType%2CexternalId%2Cbathrooms%2CusageTypes%2CtotalAreas%2CadvertiserId%2Cbedrooms%2CpricingInfos%2CshowPrice%2Cstatus%2CadvertiserContact%2CvideoTourLink%2CwhatsappNumber%2Cstamps)%2Caccount(id%2Cname%2ClogoUrl%2ClicenseNumber%2CshowAddress%2ClegacyVivarealId%2Cphones%2Ctier)%2Cmedias%2CaccountLink%2Clink))%2CtotalCount))%2Caccount(id%2Cname%2ClogoUrl%2ClicenseNumber%2CshowAddress%2ClegacyVivarealId%2Cphones%2Ctier%2Cphones)%2Cowners(search(result(listings(listing(displayAddressType%2Camenities%2CusableAreas%2CconstructionStatus%2ClistingType%2Cdescription%2Ctitle%2CunitTypes%2CnonActivationReason%2CpropertyType%2CunitSubTypes%2Cid%2Cportal%2CparkingSpaces%2Caddress%2Csuites%2CpublicationType%2CexternalId%2Cbathrooms%2CusageTypes%2CtotalAreas%2CadvertiserId%2Cbedrooms%2CpricingInfos%2CshowPrice%2Cstatus%2CadvertiserContact%2CvideoTourLink%2CwhatsappNumber%2Cstamps)%2Caccount(id%2Cname%2ClogoUrl%2ClicenseNumber%2CshowAddress%2ClegacyVivarealId%2Cphones%2Ctier)%2Cmedias%2CaccountLink%2Clink))%2CtotalCount))&size=100&from={}&q=&developmentsSize=5&__vt=B%2Ccontrol&levels=CITY&ref=&pointRadius=&isPOIQuery=
Teresina - PI,https://glue-api.vivareal.com/v2/listings?addressCity=Teresina&addressLocationId=BR%3EPiaui%3ENULL%3ETeresina&addressNeighborhood=&addressState=Piau%C3%AD&addressCountry=Brasil&addressStreet=&addressZone=&addressPointLat=-5.081098&addressPointLon=-42.774291&business=RENTAL&facets=amenities&unitTypes=&unitSubTypes=&unitTypesV3=&usageTypes=&listingType=USED&parentId=null&categoryPage=RESULT&includeFields=search(result(listings(listing(displayAddressType%2Camenities%2CusableAreas%2CconstructionStatus%2ClistingType%2Cdescription%2Ctitle%2CunitTypes%2CnonActivationReason%2CpropertyType%2CunitSubTypes%2Cid%2Cportal%2CparkingSpaces%2Caddress%2Csuites%2CpublicationType%2CexternalId%2Cbathrooms%2CusageTypes%2CtotalAreas%2CadvertiserId%2Cbedrooms%2CpricingInfos%2CshowPrice%2Cstatus%2CadvertiserContact%2CvideoTourLink%2CwhatsappNumber%2Cstamps)%2Caccount(id%2Cname%2ClogoUrl%2ClicenseNumber%2CshowAddress%2ClegacyVivarealId%2Cphones%2Ctier)%2Cmedias%2CaccountLink%2Clink))%2CtotalCount)%2Cpage%2CseasonalCampaigns%2CfullUriFragments%2Cnearby(search(result(listings(listing(displayAddressType%2Camenities%2CusableAreas%2CconstructionStatus%2ClistingType%2Cdescription%2Ctitle%2CunitTypes%2CnonActivationReason%2CpropertyType%2CunitSubTypes%2Cid%2Cportal%2CparkingSpaces%2Caddress%2Csuites%2CpublicationType%2CexternalId%2Cbathrooms%2CusageTypes%2CtotalAreas%2CadvertiserId%2Cbedrooms%2CpricingInfos%2CshowPrice%2Cstatus%2CadvertiserContact%2CvideoTourLink%2CwhatsappNumber%2Cstamps)%2Caccount(id%2Cname%2ClogoUrl%2ClicenseNumber%2CshowAddress%2ClegacyVivarealId%2Cphones%2Ctier)%2Cmedias%2CaccountLink%2Clink))%2CtotalCount))%2Cexpansion(search(result(listings(listing(displayAddressType%2Camenities%2CusableAreas%2CconstructionStatus%2ClistingType%2Cdescription%2Ctitle%2CunitTypes%2CnonActivationReason%2CpropertyType%2CunitSubTypes%2Cid%2Cportal%2CparkingSpaces%2Caddress%2Csuites%2CpublicationType%2CexternalId%2Cbathrooms%2CusageTypes%2CtotalAreas%2CadvertiserId%2Cbedrooms%2CpricingInfos%2CshowPrice%2Cstatus%2CadvertiserContact%2CvideoTourLink%2CwhatsappNumber%2Cstamps)%2Caccount(id%2Cname%2ClogoUrl%2ClicenseNumber%2CshowAddress%2ClegacyVivarealId%2Cphones%2Ctier)%2Cmedias%2CaccountLink%2Clink))%2CtotalCount))%2Caccount(id%2Cname%2ClogoUrl%2ClicenseNumber%2CshowAddress%2ClegacyVivarealId%2Cphones%2Ctier%2Cphones)%2Cowners(search(result(listings(listing(displayAddressType%2Camenities%2CusableAreas%2CconstructionStatus%2ClistingType%2Cdescription%2Ctitle%2CunitTypes%2CnonActivationReason%2CpropertyType%2CunitSubTypes%2Cid%2Cportal%2CparkingSpaces%2Caddress%2Csuites%2CpublicationType%2CexternalId%2Cbathrooms%2CusageTypes%2CtotalAreas%2CadvertiserId%2Cbedrooms%2CpricingInfos%2CshowPrice%2Cstatus%2CadvertiserContact%2CvideoTourLink%2CwhatsappNumber%2Cstamps)%2Caccount(id%2Cname%2ClogoUrl%2ClicenseNumber%2CshowAddress%2ClegacyVivarealId%2Cphones%2Ctier)%2Cmedias%2CaccountLink%2Clink))%2CtotalCount))&size=100&from={}&q=&developmentsSize=5&__vt=B%2Ccontrol&levels=CITY&ref=&pointRadius=&isPOIQuery=
Natal - RN,https://glue-api.vivareal.com/v2/listings?addressCity=Natal&addressLocationId=BR%3ERio%20Grande%20do%20Norte%3ENULL%3ENatal&addressNeighborhood=&addressState=Rio%20Grande%20do%20Norte&addressCountry=Brasil&addressStreet=&addressZone=&addressPointLat=-5.78417&addressPointLon=-35.199971&business=RENTAL&facets=amenities&unitTypes=&unitSubTypes=&unitTypesV3=&usageTypes=&listingType=USED&parentId=null&categoryPage=RESULT&includeFields=search(result(listings(listing(displayAddressType%2Camenities%2CusableAreas%2CconstructionStatus%2ClistingType%2Cdescription%2Ctitle%2CunitTypes%2CnonActivationReason%2CpropertyType%2CunitSubTypes%2Cid%2Cportal%2CparkingSpaces%2Caddress%2Csuites%2CpublicationType%2CexternalId%2Cbathrooms%2CusageTypes%2CtotalAreas%2CadvertiserId%2Cbedrooms%2CpricingInfos%2CshowPrice%2Cstatus%2CadvertiserContact%2CvideoTourLink%2CwhatsappNumber%2Cstamps)%2Caccount(id%2Cname%2ClogoUrl%2ClicenseNumber%2CshowAddress%2ClegacyVivarealId%2Cphones%2Ctier)%2Cmedias%2CaccountLink%2Clink))%2CtotalCount)%2Cpage%2CseasonalCampaigns%2CfullUriFragments%2Cnearby(search(result(listings(listing(displayAddressType%2Camenities%2CusableAreas%2CconstructionStatus%2ClistingType%2Cdescription%2Ctitle%2CunitTypes%2CnonActivationReason%2CpropertyType%2CunitSubTypes%2Cid%2Cportal%2CparkingSpaces%2Caddress%2Csuites%2CpublicationType%2CexternalId%2Cbathrooms%2CusageTypes%2CtotalAreas%2CadvertiserId%2Cbedrooms%2CpricingInfos%2CshowPrice%2Cstatus%2CadvertiserContact%2CvideoTourLink%2CwhatsappNumber%2Cstamps)%2Caccount(id%2Cname%2ClogoUrl%2ClicenseNumber%2CshowAddress%2ClegacyVivarealId%2Cphones%2Ctier)%2Cmedias%2CaccountLink%2Clink))%2CtotalCount))%2Cexpansion(search(result(listings(listing(displayAddressType%2Camenities%2CusableAreas%2CconstructionStatus%2ClistingType%2Cdescription%2Ctitle%2CunitTypes%2CnonActivationReason%2CpropertyType%2CunitSubTypes%2Cid%2Cportal%2CparkingSpaces%2Caddress%2Csuites%2CpublicationType%2CexternalId%2Cbathrooms%2CusageTypes%2CtotalAreas%2CadvertiserId%2Cbedrooms%2CpricingInfos%2CshowPrice%2Cstatus%2CadvertiserContact%2CvideoTourLink%2CwhatsappNumber%2Cstamps)%2Caccount(id%2Cname%2ClogoUrl%2ClicenseNumber%2CshowAddress%2ClegacyVivarealId%2Cphones%2Ctier)%2Cmedias%2CaccountLink%2Clink))%2CtotalCount))%2Caccount(id%2Cname%2ClogoUrl%2ClicenseNumber%2CshowAddress%2ClegacyVivarealId%2Cphones%2Ctier%2Cphones)%2Cowners(search(result(listings(listing(displayAddressType%2Camenities%2CusableAreas%2CconstructionStatus%2ClistingType%2Cdescription%2Ctitle%2CunitTypes%2CnonActivationReason%2CpropertyType%2CunitSubTypes%2Cid%2Cportal%2CparkingSpaces%2Caddress%2Csuites%2CpublicationType%2CexternalId%2Cbathrooms%2CusageTypes%2CtotalAreas%2CadvertiserId%2Cbedrooms%2CpricingInfos%2CshowPrice%2Cstatus%2CadvertiserContact%2CvideoTourLink%2CwhatsappNumber%2Cstamps)%2Caccount(id%2Cname%2ClogoUrl%2ClicenseNumber%2CshowAddress%2ClegacyVivarealId%2Cphones%2Ctier)%2Cmedias%2CaccountLink%2Clink))%2CtotalCount))&size=100&from={}&q=&developmentsSize=5&__vt=B%2Ccontrol&levels=CITY&ref=&pointRadius=&isPOIQuery=
Porto Velho - RO,https://glue-api.vivareal.com/v2/listings?addressCity=Porto%20Velho&addressLocationId=BR%3ERondonia%3ENULL%3EPorto%20Velho&addressNeighborhood=&addressState=Rond%C3%B4nia&addressCountry=Brasil&addressStreet=&addressZone=&addressPointLat=-8.763548&addressPointLon=-63.897172&business=RENTAL&facets=amenities&unitTypes=&unitSubTypes=&unitTypesV3=&usageTypes=&listingType=USED&parentId=null&categoryPage=RESULT&includeFields=search(result(listings(listing(displayAddressType%2Camenities%2CusableAreas%2CconstructionStatus%2ClistingType%2Cdescription%2Ctitle%2CunitTypes%2CnonActivationReason%2CpropertyType%2CunitSubTypes%2Cid%2Cportal%2CparkingSpaces%2Caddress%2Csuites%2CpublicationType%2CexternalId%2Cbathrooms%2CusageTypes%2CtotalAreas%2CadvertiserId%2Cbedrooms%2CpricingInfos%2CshowPrice%2Cstatus%2CadvertiserContact%2CvideoTourLink%2CwhatsappNumber%2Cstamps)%2Caccount(id%2Cname%2ClogoUrl%2ClicenseNumber%2CshowAddress%2ClegacyVivarealId%2Cphones%2Ctier)%2Cmedias%2CaccountLink%2Clink))%2CtotalCount)%2Cpage%2CseasonalCampaigns%2CfullUriFragments%2Cnearby(search(result(listings(listing(displayAddressType%2Camenities%2CusableAreas%2CconstructionStatus%2ClistingType%2Cdescription%2Ctitle%2CunitTypes%2CnonActivationReason%2CpropertyType%2CunitSubTypes%2Cid%2Cportal%2CparkingSpaces%2Caddress%2Csuites%2CpublicationType%2CexternalId%2Cbathrooms%2CusageTypes%2CtotalAreas%2CadvertiserId%2Cbedrooms%2CpricingInfos%2CshowPrice%2Cstatus%2CadvertiserContact%2CvideoTourLink%2CwhatsappNumber%2Cstamps)%2Caccount(id%2Cname%2ClogoUrl%2ClicenseNumber%2CshowAddress%2ClegacyVivarealId%2Cphones%2Ctier)%2Cmedias%2CaccountLink%2Clink))%2CtotalCount))%2Cexpansion(search(result(listings(listing(displayAddressType%2Camenities%2CusableAreas%2CconstructionStatus%2ClistingType%2Cdescription%2Ctitle%2CunitTypes%2CnonActivationReason%2CpropertyType%2CunitSubTypes%2Cid%2Cportal%2CparkingSpaces%2Caddress%2Csuites%2CpublicationType%2CexternalId%2Cbathrooms%2CusageTypes%2CtotalAreas%2CadvertiserId%2Cbedrooms%2CpricingInfos%2CshowPrice%2Cstatus%2CadvertiserContact%2CvideoTourLink%2CwhatsappNumber%2Cstamps)%2Caccount(id%2Cname%2ClogoUrl%2ClicenseNumber%2CshowAddress%2ClegacyVivarealId%2Cphones%2Ctier)%2Cmedias%2CaccountLink%2Clink))%2CtotalCount))%2Caccount(id%2Cname%2ClogoUrl%2ClicenseNumber%2CshowAddress%2ClegacyVivarealId%2Cphones%2Ctier%2Cphones)%2Cowners(search(result(listings(listing(displayAddressType%2Camenities%2CusableAreas%2CconstructionStatus%2ClistingType%2Cdescription%2Ctitle%2CunitTypes%2CnonActivationReason%2CpropertyType%2CunitSubTypes%2Cid%2Cportal%2CparkingSpaces%2Caddress%2Csuites%2CpublicationType%2CexternalId%2Cbathrooms%2CusageTypes%2CtotalAreas%2CadvertiserId%2Cbedrooms%2CpricingInfos%2CshowPrice%2Cstatus%2CadvertiserContact%2CvideoTourLink%2CwhatsappNumber%2Cstamps)%2Caccount(id%2Cname%2ClogoUrl%2ClicenseNumber%2CshowAddress%2ClegacyVivarealId%2Cphones%2Ctier)%2Cmedias%2CaccountLink%2Clink))%2CtotalCount))&size=100&from={}&q=&developmentsSize=5&__vt=B%2Ccontrol&levels=CITY&ref=&pointRadius=&isPOIQuery=
Boa Vista - RR,https://glue-api.vivareal.com/v2/listings?addressCity=Boa%20Vista&addressLocationId=BR%3ERoraima%3ENULL%3EBoa%20Vista&addressNeighborhood&addressState=Roraima&addressCountry=Brasil&addressStreet&addressZone&addressPointLat=2.820634&addressPointLon=-60.673755&business=RENTAL&facets=amenities&unitTypes&unitSubTypes&unitTypesV3&usageTypes&listingType=USED&parentId=null&categoryPage=RESULT&includeFields=search(result(listings(listing(displayAddressType%2Camenities%2CusableAreas%2CconstructionStatus%2ClistingType%2Cdescription%2Ctitle%2CunitTypes%2CnonActivationReason%2CpropertyType%2CunitSubTypes%2Cid%2Cportal%2CparkingSpaces%2Caddress%2Csuites%2CpublicationType%2CexternalId%2Cbathrooms%2CusageTypes%2CtotalAreas%2CadvertiserId%2Cbedrooms%2CpricingInfos%2CshowPrice%2Cstatus%2CadvertiserContact%2CvideoTourLink%2CwhatsappNumber%2Cstamps)%2Caccount(id%2Cname%2ClogoUrl%2ClicenseNumber%2CshowAddress%2ClegacyVivarealId%2Cphones%2Ctier)%2Cmedias%2CaccountLink%2Clink))%2CtotalCount)%2Cpage%2CseasonalCampaigns%2CfullUriFragments%2Cnearby(search(result(listings(listing(displayAddressType%2Camenities%2CusableAreas%2CconstructionStatus%2ClistingType%2Cdescription%2Ctitle%2CunitTypes%2CnonActivationReason%2CpropertyType%2CunitSubTypes%2Cid%2Cportal%2CparkingSpaces%2Caddress%2Csuites%2CpublicationType%2CexternalId%2Cbathrooms%2CusageTypes%2CtotalAreas%2CadvertiserId%2Cbedrooms%2CpricingInfos%2CshowPrice%2Cstatus%2CadvertiserContact%2CvideoTourLink%2CwhatsappNumber%2Cstamps)%2Caccount(id%2Cname%2ClogoUrl%2ClicenseNumber%2CshowAddress%2ClegacyVivarealId%2Cphones%2Ctier)%2Cmedias%2CaccountLink%2Clink))%2CtotalCount))%2Cexpansion(search(result(listings(listing(displayAddressType%2Camenities%2CusableAreas%2CconstructionStatus%2ClistingType%2Cdescription%2Ctitle%2CunitTypes%2CnonActivationReason%2CpropertyType%2CunitSubTypes%2Cid%2Cportal%2CparkingSpaces%2Caddress%2Csuites%2CpublicationType%2CexternalId%2Cbathrooms%2CusageTypes%2CtotalAreas%2CadvertiserId%2Cbedrooms%2CpricingInfos%2CshowPrice%2Cstatus%2CadvertiserContact%2CvideoTourLink%2CwhatsappNumber%2Cstamps)%2Caccount(id%2Cname%2ClogoUrl%2ClicenseNumber%2CshowAddress%2ClegacyVivarealId%2Cphones%2Ctier)%2Cmedias%2CaccountLink%2Clink))%2CtotalCount))%2Caccount(id%2Cname%2ClogoUrl%2ClicenseNumber%2CshowAddress%2ClegacyVivarealId%2Cphones%2Ctier%2Cphones)%2Cdevelopments(search(result(listings(listing(displayAddressType%2Camenities%2CusableAreas%2CconstructionStatus%2ClistingType%2Cdescription%2Ctitle%2CunitTypes%2CnonActivationReason%2CpropertyType%2CunitSubTypes%2Cid%2Cportal%2CparkingSpaces%2Caddress%2Csuites%2CpublicationType%2CexternalId%2Cbathrooms%2CusageTypes%2CtotalAreas%2CadvertiserId%2Cbedrooms%2CpricingInfos%2CshowPrice%2Cstatus%2CadvertiserContact%2CvideoTourLink%2CwhatsappNumber%2Cstamps)%2Caccount(id%2Cname%2ClogoUrl%2ClicenseNumber%2CshowAddress%2ClegacyVivarealId%2Cphones%2Ctier)%2Cmedias%2CaccountLink%2Clink))%2CtotalCount))%2Cowners(search(result(listings(listing(displayAddressType%2Camenities%2CusableAreas%2CconstructionStatus%2ClistingType%2Cdescription%2Ctitle%2CunitTypes%2CnonActivationReason%2CpropertyType%2CunitSubTypes%2Cid%2Cportal%2CparkingSpaces%2Caddress%2Csuites%2CpublicationType%2CexternalId%2Cbathrooms%2CusageTypes%2CtotalAreas%2CadvertiserId%2Cbedrooms%2CpricingInfos%2CshowPrice%2Cstatus%2CadvertiserContact%2CvideoTourLink%2CwhatsappNumber%2Cstamps)%2Caccount(id%2Cname%2ClogoUrl%2ClicenseNumber%2CshowAddress%2ClegacyVivarealId%2Cphones%2Ctier)%2Cmedias%2CaccountLink%2Clink))%2CtotalCount))&size=100&from={}&q&developmentsSize=5&__vt=B%2Ccontrol&levels=CITY&ref&pointRadius&isPOIQuery
Palmas - TO,https://glue-api.vivareal.com/v2/listings?addressCity=Palmas&addressLocationId=BR%3ETocantins%3ENULL%3EPalmas&addressNeighborhood=&addressState=Tocantins&addressCountry=Brasil&addressStreet=&addressZone=&addressPointLat=-10.249091&addressPointLon=-48.324286&business=RENTAL&facets=amenities&unitTypes=&unitSubTypes=&unitTypesV3=&usageTypes=&listingType=USED&parentId=null&categoryPage=RESULT&includeFields=search(result(listings(listing(displayAddressType%2Camenities%2CusableAreas%2CconstructionStatus%2ClistingType%2Cdescription%2Ctitle%2CunitTypes%2CnonActivationReason%2CpropertyType%2CunitSubTypes%2Cid%2Cportal%2CparkingSpaces%2Caddress%2Csuites%2CpublicationType%2CexternalId%2Cbathrooms%2CusageTypes%2CtotalAreas%2CadvertiserId%2Cbedrooms%2CpricingInfos%2CshowPrice%2Cstatus%2CadvertiserContact%2CvideoTourLink%2CwhatsappNumber%2Cstamps)%2Caccount(id%2Cname%2ClogoUrl%2ClicenseNumber%2CshowAddress%2ClegacyVivarealId%2Cphones%2Ctier)%2Cmedias%2CaccountLink%2Clink))%2CtotalCount)%2Cpage%2CseasonalCampaigns%2CfullUriFragments%2Cnearby(search(result(listings(listing(displayAddressType%2Camenities%2CusableAreas%2CconstructionStatus%2ClistingType%2Cdescription%2Ctitle%2CunitTypes%2CnonActivationReason%2CpropertyType%2CunitSubTypes%2Cid%2Cportal%2CparkingSpaces%2Caddress%2Csuites%2CpublicationType%2CexternalId%2Cbathrooms%2CusageTypes%2CtotalAreas%2CadvertiserId%2Cbedrooms%2CpricingInfos%2CshowPrice%2Cstatus%2CadvertiserContact%2CvideoTourLink%2CwhatsappNumber%2Cstamps)%2Caccount(id%2Cname%2ClogoUrl%2ClicenseNumber%2CshowAddress%2ClegacyVivarealId%2Cphones%2Ctier)%2Cmedias%2CaccountLink%2Clink))%2CtotalCount))%2Cexpansion(search(result(listings(listing(displayAddressType%2Camenities%2CusableAreas%2CconstructionStatus%2ClistingType%2Cdescription%2Ctitle%2CunitTypes%2CnonActivationReason%2CpropertyType%2CunitSubTypes%2Cid%2Cportal%2CparkingSpaces%2Caddress%2Csuites%2CpublicationType%2CexternalId%2Cbathrooms%2CusageTypes%2CtotalAreas%2CadvertiserId%2Cbedrooms%2CpricingInfos%2CshowPrice%2Cstatus%2CadvertiserContact%2CvideoTourLink%2CwhatsappNumber%2Cstamps)%2Caccount(id%2Cname%2ClogoUrl%2ClicenseNumber%2CshowAddress%2ClegacyVivarealId%2Cphones%2Ctier)%2Cmedias%2CaccountLink%2Clink))%2CtotalCount))%2Caccount(id%2Cname%2ClogoUrl%2ClicenseNumber%2CshowAddress%2ClegacyVivarealId%2Cphones%2Ctier%2Cphones)%2Cowners(search(result(listings(listing(displayAddressType%2Camenities%2CusableAreas%2CconstructionStatus%2ClistingType%2Cdescription%2Ctitle%2CunitTypes%2CnonActivationReason%2CpropertyType%2CunitSubTypes%2Cid%2Cportal%2CparkingSpaces%2Caddress%2Csuites%2CpublicationType%2CexternalId%2Cbathrooms%2CusageTypes%2CtotalAreas%2CadvertiserId%2Cbedrooms%2CpricingInfos%2CshowPrice%2Cstatus%2CadvertiserContact%2CvideoTourLink%2CwhatsappNumber%2Cstamps)%2Caccount(id%2Cname%2ClogoUrl%2ClicenseNumber%2CshowAddress%2ClegacyVivarealId%2Cphones%2Ctier)%2Cmedias%2CaccountLink%2Clink))%2CtotalCount))&size=100&from={}&q=&developmentsSize=5&__vt=B%2Ccontrol&levels=CITY&ref=&pointRadius=&isPOIQuery=
Brasília - DF,https://glue-api.vivareal.com/v2/listings?addressCity=Bras%C3%ADlia&addressLocationId=BR%3EDistrito%20Federal%3ENULL%3EBrasilia&addressNeighborhood=&addressState=Distrito%20Federal&addressCountry=Brasil&addressStreet=&addressZone=&addressPointLat=-15.826691&addressPointLon=-47.92182&business=RENTAL&facets=amenities&unitTypes=&unitSubTypes=&unitTypesV3=&usageTypes=&listingType=USED&parentId=null&categoryPage=RESULT&includeFields=search(result(listings(listing(displayAddressType%2Camenities%2CusableAreas%2CconstructionStatus%2ClistingType%2Cdescription%2Ctitle%2CunitTypes%2CnonActivationReason%2CpropertyType%2CunitSubTypes%2Cid%2Cportal%2CparkingSpaces%2Caddress%2Csuites%2CpublicationType%2CexternalId%2Cbathrooms%2CusageTypes%2CtotalAreas%2CadvertiserId%2Cbedrooms%2CpricingInfos%2CshowPrice%2Cstatus%2CadvertiserContact%2CvideoTourLink%2CwhatsappNumber%2Cstamps)%2Caccount(id%2Cname%2ClogoUrl%2ClicenseNumber%2CshowAddress%2ClegacyVivarealId%2Cphones%2Ctier)%2Cmedias%2CaccountLink%2Clink))%2CtotalCount)%2Cpage%2CseasonalCampaigns%2CfullUriFragments%2Cnearby(search(result(listings(listing(displayAddressType%2Camenities%2CusableAreas%2CconstructionStatus%2ClistingType%2Cdescription%2Ctitle%2CunitTypes%2CnonActivationReason%2CpropertyType%2CunitSubTypes%2Cid%2Cportal%2CparkingSpaces%2Caddress%2Csuites%2CpublicationType%2CexternalId%2Cbathrooms%2CusageTypes%2CtotalAreas%2CadvertiserId%2Cbedrooms%2CpricingInfos%2CshowPrice%2Cstatus%2CadvertiserContact%2CvideoTourLink%2CwhatsappNumber%2Cstamps)%2Caccount(id%2Cname%2ClogoUrl%2ClicenseNumber%2CshowAddress%2ClegacyVivarealId%2Cphones%2Ctier)%2Cmedias%2CaccountLink%2Clink))%2CtotalCount))%2Cexpansion(search(result(listings(listing(displayAddressType%2Camenities%2CusableAreas%2CconstructionStatus%2ClistingType%2Cdescription%2Ctitle%2CunitTypes%2CnonActivationReason%2CpropertyType%2CunitSubTypes%2Cid%2Cportal%2CparkingSpaces%2Caddress%2Csuites%2CpublicationType%2CexternalId%2Cbathrooms%2CusageTypes%2CtotalAreas%2CadvertiserId%2Cbedrooms%2CpricingInfos%2CshowPrice%2Cstatus%2CadvertiserContact%2CvideoTourLink%2CwhatsappNumber%2Cstamps)%2Caccount(id%2Cname%2ClogoUrl%2ClicenseNumber%2CshowAddress%2ClegacyVivarealId%2Cphones%2Ctier)%2Cmedias%2CaccountLink%2Clink))%2CtotalCount))%2Caccount(id%2Cname%2ClogoUrl%2ClicenseNumber%2CshowAddress%2ClegacyVivarealId%2Cphones%2Ctier%2Cphones)%2Cowners(search(result(listings(listing(displayAddressType%2Camenities%2CusableAreas%2CconstructionStatus%2ClistingType%2Cdescription%2Ctitle%2CunitTypes%2CnonActivationReason%2CpropertyType%2CunitSubTypes%2Cid%2Cportal%2CparkingSpaces%2Caddress%2Csuites%2CpublicationType%2CexternalId%2Cbathrooms%2CusageTypes%2CtotalAreas%2CadvertiserId%2Cbedrooms%2CpricingInfos%2CshowPrice%2Cstatus%2CadvertiserContact%2CvideoTourLink%2CwhatsappNumber%2Cstamps)%2Caccount(id%2Cname%2ClogoUrl%2ClicenseNumber%2CshowAddress%2ClegacyVivarealId%2Cphones%2Ctier)%2Cmedias%2CaccountLink%2Clink))%2CtotalCount))&size=100&from={}&q=&developmentsSize=5&__vt=B%2Ccontrol&levels=CITY&ref=&pointRadius=&isPOIQuery=
Aracaju - SE,https://glue-api.vivareal.com/v2/listings?addressCity=Aracaju&addressLocationId=BR%3ESergipe%3ENULL%3EAracaju&addressNeighborhood=&addressState=Sergipe&addressCountry=Brasil&addressStreet=&addressZone=&addressPointLat=-10.926653&addressPointLon=-37.072901&business=RENTAL&facets=amenities&unitTypes=&unitSubTypes=&unitTypesV3=&usageTypes=&listingType=USED&parentId=null&categoryPage=RESULT&includeFields=search(result(listings(listing(displayAddressType%2Camenities%2CusableAreas%2CconstructionStatus%2ClistingType%2Cdescription%2Ctitle%2CunitTypes%2CnonActivationReason%2CpropertyType%2CunitSubTypes%2Cid%2Cportal%2CparkingSpaces%2Caddress%2Csuites%2CpublicationType%2CexternalId%2Cbathrooms%2CusageTypes%2CtotalAreas%2CadvertiserId%2Cbedrooms%2CpricingInfos%2CshowPrice%2Cstatus%2CadvertiserContact%2CvideoTourLink%2CwhatsappNumber%2Cstamps)%2Caccount(id%2Cname%2ClogoUrl%2ClicenseNumber%2CshowAddress%2ClegacyVivarealId%2Cphones%2Ctier)%2Cmedias%2CaccountLink%2Clink))%2CtotalCount)%2Cpage%2CseasonalCampaigns%2CfullUriFragments%2Cnearby(search(result(listings(listing(displayAddressType%2Camenities%2CusableAreas%2CconstructionStatus%2ClistingType%2Cdescription%2Ctitle%2CunitTypes%2CnonActivationReason%2CpropertyType%2CunitSubTypes%2Cid%2Cportal%2CparkingSpaces%2Caddress%2Csuites%2CpublicationType%2CexternalId%2Cbathrooms%2CusageTypes%2CtotalAreas%2CadvertiserId%2Cbedrooms%2CpricingInfos%2CshowPrice%2Cstatus%2CadvertiserContact%2CvideoTourLink%2CwhatsappNumber%2Cstamps)%2Caccount(id%2Cname%2ClogoUrl%2ClicenseNumber%2CshowAddress%2ClegacyVivarealId%2Cphones%2Ctier)%2Cmedias%2CaccountLink%2Clink))%2CtotalCount))%2Cexpansion(search(result(listings(listing(displayAddressType%2Camenities%2CusableAreas%2CconstructionStatus%2ClistingType%2Cdescription%2Ctitle%2CunitTypes%2CnonActivationReason%2CpropertyType%2CunitSubTypes%2Cid%2Cportal%2CparkingSpaces%2Caddress%2Csuites%2CpublicationType%2CexternalId%2Cbathrooms%2CusageTypes%2CtotalAreas%2CadvertiserId%2Cbedrooms%2CpricingInfos%2CshowPrice%2Cstatus%2CadvertiserContact%2CvideoTourLink%2CwhatsappNumber%2Cstamps)%2Caccount(id%2Cname%2ClogoUrl%2ClicenseNumber%2CshowAddress%2ClegacyVivarealId%2Cphones%2Ctier)%2Cmedias%2CaccountLink%2Clink))%2CtotalCount))%2Caccount(id%2Cname%2ClogoUrl%2ClicenseNumber%2CshowAddress%2ClegacyVivarealId%2Cphones%2Ctier%2Cphones)%2Cowners(search(result(listings(listing(displayAddressType%2Camenities%2CusableAreas%2CconstructionStatus%2ClistingType%2Cdescription%2Ctitle%2CunitTypes%2CnonActivationReason%2CpropertyType%2CunitSubTypes%2Cid%2Cportal%2CparkingSpaces%2Caddress%2Csuites%2CpublicationType%2CexternalId%2Cbathrooms%2CusageTypes%2CtotalAreas%2CadvertiserId%2Cbedrooms%2CpricingInfos%2CshowPrice%2Cstatus%2CadvertiserContact%2CvideoTourLink%2CwhatsappNumber%2Cstamps)%2Caccount(id%2Cname%2ClogoUrl%2ClicenseNumber%2CshowAddress%2ClegacyVivarealId%2Cphones%2Ctier)%2Cmedias%2CaccountLink%2Clink))%2CtotalCount))&size=100&from={}&q=&developmentsSize=5&__vt=B%2Ccontrol&levels=CITY&ref=&pointRadius=&isPOIQuery=
